Num_Acc;id_vehicule;num_veh_x;place;catu;grav;sexe;an_nais;trajet;secu1;secu2;secu3;locp;actp;etatp;id_usager;jour;mois;an;hrmn;lum;dep;com;agg;int;atm;col;adr;lat;long;catr;voie;v1;v2;circ;nbv;vosp;prof;pr;pr1;plan;lartpc;larrout;surf;infra;situ;vma;num_veh_y;senc;catv;obs;obsm;choc;manv;motor;occutc
202000028536;154 692 062;A01;4;2;1;1;1999.0;5;8;0;-1;-1;0;-1;62846;16;2;2020;03:50;3;78;78090;1;1;1;6;A13;48,9703000;1,9013000;1;A13;0.0;;3;6;0;1;34;500;1;; -1;1;0;1;130;A01;2;7;4;0;3;13;1;
202400029003;155 730 705;A01;2;2;3;1;1992.0;4;1;-1;-1;0;0;-1;203 920 224;19;12;2024;13:00;1;71;71522;1;1;3;6;Route du Taillet;46,59759500;4,93997000;4;;-1.0;;2;2;0;1; -1; -1;3;; -1;2;0;1;80;A01;1;7;13;0;1;14;1;
202300051301;155 589 541;A01;1;1;4;1;2005.0;5;1;8;-1;-1; -1;-1;203 729 156;28;10;2023;07:20;5;64;64348;1;3;2;6;LACS DES;43,30614000; -0,42325000;4;LACS DES;0.0;;2;2;0;1; -1; -1;1;; -1;2;0;1;50;A01;2;7;6;0;1;15;1;
202400036942;155 716 638;A01;1;1;4;1;2005.0;0;8;0;-1;0;0;-1;203 901 085;10;12;2024;17:50;5;73;73065;2;2;1;3;CHEVALIERS TIREURS (AVENUE DES);45,57587000;5,90699000;3;CHEVALIERS TIREURS (AVENUE DES);0.0;;2;2;0;1; -1; -1;1;; -1;1;5;1;50;A01;2;30;0;2;8;1;1;
202000017010;154 712 327;B01;2;2;4;2;1982.0;5;1;0;-1;0;0;-1;37683;22;2;2020;11:30;1;05;05061;2;1;1;2;EMILE DIDIER ( AV );44,5664304;6,0947460;2;EMILE DIDIER ( AV );0.0;;2;2;0;1;71;150;1;; -1;1;0;1;50;B01;1;7;0;2;4;1;1;
202400033056;155 723 531;A01;1;1;4;1;2004.0;0;1;-1;-1;0;0;-1;203 910 369;14;12;2024;17:15;1;973;97304;1;1;1;3;rn1 PK 43 490;5,07464700; -52,60078000;2;1;0.0;R;2;2;0;1;43;810;1;; -1;1;0;1;80;A01;2;7;0;2;7;1;1;
202400046878;155 699 197;B01;7;2;4;1;1966.0;1;8;0;-1;-1; -1;-1;203 877 318;30;3;2024;13:10;1;91;91021;2;1;1;1;AV DIVISION LECLERC;48,59439000;2,24650000;3;AV DIVISION LECLERC;0.0;;2;2;0;2;0;0;1;;7;1;0;1;50;B01;2;38;0;2;3;1;1;3.0
202100014951;174 980;A01;1;1;4;2;1999.0;5;1;-1;-1;-1; -1;-1;231 913;5;10;2021;22:13;3;69;69199;2;2;2;3;ALBERT RAMBOZ (AV);45,6945300000;4,8442100000;7;ALBERT RAMBOZ                       (AV);0.0;;1;1;0;1;(1);(1);2;; -1;2;0;1;50;A01;1;7;0;2;7;9;1;
202400014298;155 756 579;A01;2;2;1;1;2005.0;5;1;-1;-1;-1; -1;-1;203 954 846;27;12;2024;06:50;5;33;33167;2;3;8;3;;44,83594888; -0,53029458;4;AVE PASTEUR;0.0;;2;2;0;1; -1; -1;1;; -1;1;0;1;30;A01;2;7;0;2;5;26;1;
202000033050;154 684 353;B01;1;1;4;2;1996.0;5;8;8;-1;-1; -1;-1;72569;2;8;2020;17:00;1;77;77237;1;1;1;-1;A4;48,8302090;2,7517960;1;A4;0.0;;-1;4;0;1;28;200;3;; -1;1;0;1;70;B01;2;33;0;2;1;3;1;
202000039141;154 673 545;C01;1;1;4;1;1959.0;1;2;8;-1;-1; -1;-1;86131;8;12;2020;18:15;3;94;94073;1;1;1;4;A86 INT;48,7709388;2,3875608;1;86;0.0;INT;1;3;0;1;44;599;1;; -1;1;0;1;90;C01;1;33;0;2;3;3;1;
202400032172;155 725 060;A01;1;1;1;1;1991.0;4;1;0;-1;-1; -1;-1;203 912 431;30;8;2024;15:55;1;75;75115;2;1;3;3;RUE LINOIS;48,84837900;2,28312700;4;RUE LINOIS;0.0;;2;1;1;1; -1; -1;1;; -1;2;0;4;30;A01;1;7;0;2;7;22;3;
201900048802;138 214 327;B01;1;1;3;1;2001.0;1;2;-1;-1;0;0;-1;110110;1;4;2019;07:45;1;3;03264;2;4;1;1;avenue de Vichy;46,0709303;3,4639727;3;906;0.0;E;2;2;0;1;6;645;1;;;1;5;1;50;B01;1;31;0;2;1;1;1;
202300031753;155 624 302;A01;1;1;1;1;1991.0;1;1;0;-1;-1; -1;-1;203 775 985;14;4;2023;16:45;1;92;92050;2;4;3;3;HAVRE BOULEVARD DU;48,91886166;2,22245961;3;992;0.0;;4;5;0;2;0;0;1;; -1;2;5;1;50;A01;3;7;0;2;8;7;1;
202200012146;792 377;B01;1;1;1;1;1982.0;1;1;-1;-1;0;0;-1;1 071 102;14;10;2022;18:35;2;30;30305;1;2;1;3;;44,1551300000;4,1591730000;3;131;0.0;D;2;2;0;4;15;0;2;; -1;1;0;1;80;B01;1;7;0;0;2;19;1;
202200019469;779 361;Z01;1;1;1;-1;;-1;-1;-1;-1;-1; -1;-1;1 053 656;6;9;2022;02:15;3;93;93027;1;1;2;2;AUTOROUTE A86;48,9250100000;2,3919000000;1;AUTOROUTE A86;0.0;;3;8;0;1;16;399;1;; -1;4;0;1;90;Z01;2;7;0;2;1;11;1;
202300010988;155 661 064;B01;1;1;4;1;2000.0;4;1;-1;-1;-1; -1;-1;203 825 037;8;7;2023;03:48;5;69;69383;2;2;2;3;Rue de Bonnel;45,76297836;4,86184172;4;BONNEL (DE)                         (R );0.0;;1;3;0;1; -1; -1;1;; -1;2;0;1;50;B01;1;10;0;2;8;1;1;
201900037814;138 234 924;B01;1;1;4;1;1972.0;9;1;8;-1;-1;0;-1;85432;20;7;2019;11:40;1;92;92073;2;2;1;6;CHENES (RUE DES)/ BAS ROGERS (RUE DES);48,8810073;2,2271173;3;104;0.0;;2;2;0;2;0;0;1;;;1;0;1;50;B01;2;7;0;2;5;15;1;
202200003804;807 221;A01;1;1;1;1;1991.0;4;1;0;-1;0;0;-1;1 090 702;21;3;2022;12:45;1;75;75114;2;3;1;6;RUE RAYMOND LOSSERAND;48,8356100000;2,3211910000;4;RUE RAYMOND LOSSERAND;0.0;;-1;2;0;1;(1);(1);1;; -1;1;0;1;30;A01;1;10;0;1;3;15;1;
202100053808;105 572;A01;1;1;1;2;1994.0;1;1;-1;-1;0;0;-1;140 191;25;1;2021;17:45;2;57;57701;1;1;1;6;Route d'Ars;49,0928910000;6,0948430000;7;6;0.0;;2;2;0;1;2;(1);1;; -1;2;0;1;70;A01;1;7;0;1;1;1;1;
202400016526;155 752 661;A01;1;1;4;1;2004.0;5;8;-1;-1;-1; -1;-1;203 949 608;2;8;2024;03:30;5;30;30007;2;1;1;6;SPORTS (CHEMIN DES);44,11617000;4,09139000;4;SPORTS (CHEMIN DES);0.0;;2;2;0;1; -1; -1;1;; -1;1;0;1;50;A01;2;7;15;0;1;13;1;
202100001594;198 957;A01;10;3;3;2;1964.0;1;0;-1;-1;3;3;1;263 664;22;12;2021;08:25;1;59;59574;2;1;9;6;MICHEL LOUISE(BOULEVARD);50,3569600000;3,2814000000;3;MICHEL LOUISE(BOULEVARD);0.0;;2;2;0;2;(1);(1);1;; -1;7;0;1;50;A01;2;7;0;1;1;1;1;
201900027114;138 255 329;B01;1;1;4;1;1965.0;9;2;0;-1;-1; -1;-1;61458;5;3;2019;14:50;1;83;83137;2;1;1;3;VICTOIRE DU 8 MAI 1945 (AVE DE LA);43,1257400;5,9279000;4;VICTOIRE DU 8 MAI 1945 (AVE DE LA);0.0;;2;2;0;2;0;0;1;;;1;0;1;50;B01;1;33;0;2;3;13;0;
202000031362;154 687 226;B01;2;2;1;2;1950.0;5;1;0;-1;-1; -1;-1;68897;2;8;2020;17:15;1;60;60159;2;9;1;3;carrefour de l'abbaye;49,3924100;2,8022400;3;ABBAYE (CARREFOUR DE L');0.0;;1;2;0;1;26;900;3;; -1;1;0;1;50;B01;3;10;0;2;3;1;1;
202000036641;154 677 956;B01;1;1;2;1;1969.0;1;0;-1;-1;0;0;-1;80622;12;2;2020;04:30;5;987;98734;2;1;1;1;pk 34.200; -17,7233790; -149,5057300;2;1;-1.0;;2;2;0;1;34;200;1;; -1;2;0;1;60;B01;2;1;0;2;4;13;5;
202100049254;113 719;B01;1;1;1;1;1993.0;0;1;8;-1;-1; -1;-1;150 743;3;3;2021;15:10;1;37;37261;2;2;1;1;GIRAUDEAU (RUE);47,3825940860;0,6770672227;4;GIRAUDEAU (RUE);0.0;;2;2;0;1;(1);(1);1;; -1;1;0;1;50;B01;3;7;0;2;1;1;1;
202400040095;155 711 122;A01;1;1;4;1;2005.0;9;1;-1;-1;0;0;-1;203 893 600;25;8;2024;07:00;1;28;28408;1;1;1;6;A10;48,37883000;1,88803600;1;10;0.0;;3;3;0;1;44;840;1;;13,5;1;0;3;-1;A01;2;7;13;0;2;1;1;
202100004867;193 092;B01;1;1;4;1;1958.0;0;1;-1;-1;0;0;-1;255 757;4;12;2021;13:18;1;64;64256;1;1;3;3;Départementale 21;43,3952500000; -1,3144630000;3;21;0.0;;-1;2;0;1;8;(1);2;; -1;2;0;1;-1;B01;2;7;0;2;3;1;1;
202100016566;172 020;B01;1;1;4;1;2000.0;5;1;-1;-1;0;0;-1;228 085;26;9;2021;08:00;2;31;31547;2;1;1;2;3730 route de saint lys Les Aujoulets;43,5035230000;1,2596730000;3;12;0.0;D;2;2;0;1;13;162;1;; -1;1;0;1;50;B01;1;7;0;2;1;2;1;
202100019963;165 950;A01;1;1;4;1;1960.0;5;2;6;-1;0;0;-1;220 138;3;9;2021;22:07;3;14;14371;1;1;1;6;D579;49,0380650000;0,1507190000;3;;0.0;;2;2;0;2;(1);(1);2;; -1;1;0;3;90;A01;2;33;13;0;1;11;1;
202400030162;155 728 651;B01;2;2;4;1;1992.0;4;1;0;-1;-1; -1;-1;203 917 457;25;7;2024;12:45;1;91;91161;1;1;1;2;AUTOROUTE A6;48,71489000;2,30886000;1;AUTOROUTE A6;0.0;;3;3;0;1;12;119;1;;14;1;0;1;110;B01;1;10;0;2;4;2;1;
202000046811;154 659 981;A01;1;1;4;1;1993.0;0;2;0;-1;-1; -1;-1;103221;23;8;2020;09:40;1;76;76351;2;1;3;6;FRISSARD (QUAI);49,4893900;0,1235300;4;FRISSARD (QUAI);0.0;;2;2;0;2;0;0;1;; -1;2;2;1;50;A01;3;30;0;9;0;0;0;
202200026186;767 388;B01;1;1;1;1;1974.0;4;1;0;-1;0;0;-1;1 037 600;23;5;2022;10:35;1;75;75116;2;1;2;3;BD PERIPHERIQUE INTERIEUR;48,8396351781;2,2541465610;4;BOULEVARD PERIPHERIQUE;0.0;;1;4;0;1;11;200;1;; -1;2;0;1;70;B01;1;15;0;2;2;1;1;
202100009979;183 866;A01;1;1;1;2;1959.0;9;1;-1;-1;0;0;-1;243 557;2;11;2021;18:30;5;64;64422;2;1;3;3;11 Place de la Resistance;43,1932330176; -0,6047844887;2;134;0.0;;2;2;0;2;68;50;1;; -1;2;0;1;50;A01;1;7;0;2;7;15;1;
202100013820;176 990;B01;1;1;1;1;1996.0;0;1;0;-1;-1; -1;-1;234 533;10;10;2021;15:50;1;91;91027;2;2;1;3;AV DE MORANGIS;48,7057900000;2,3676100000;3;AV DE MORANGIS;0.0;;2;2;2;1;0;0;1;; -1;1;5;1;50;B01;2;7;0;2;2;16;0;
202100013928;176 806;A01;1;1;3;1;1994.0;4;1;-1;-1;0;0;-1;234 288;12;10;2021;09:40;1;51;51492;1;3;1;3;D440;48,5573857665;3,7802356482;3;440;0.0;;2;2;0;1;4;360;1;; -1;1;0;1;70;A01;1;10;6;2;7;17;1;
201900046722;138 218 167;A01;2;2;1;2;1996.0;5;1;8;-1;-1; -1;-1;105511;25;8;2019;17:55;1;33;33063;1;1;1;2;ROCADE A 630;44,8822700; -0,5494900;1;630;0.0;;3;6;0;2;4;0;1;;;1;2;1;70;A01;2;7;0;2;1;1;1;
202100010445;183 052;A01;1;1;3;1;1996.0;5;1;-1;-1;0;0;-1;242 372;29;10;2021;14:00;1;22;22093;1;1;1;1;D14 Le Tertre Hello Saint-Aaron;48,4947960000; -2,4990460000;3;14;-1.0;;2;2;0;2;(1);(1);3;; -1;1;0;1;80;A01;3;7;0;2;3;17;1;
202300035080;155 618 385;A01;10;3;3;2;1959.0;5;0;-1;-1;2;3;1;203 767 985;6;10;2023;13:10;1;06;06088;2;8;1;6;CASSIN (BD RENE);43,66857100;7,21136800;4;CASSIN (BD RENE);0.0;;1;1;3;1;0;0;1;; -1;1;4;6;50;A01;1;40;0;1;1;1;3;
202100014149;176 400;A01;10;3;3;1;2003.0;0;0;-1;-1;5;9;1;233 734;9;10;2021;15:45;1;72;72257;2;1;1;6;PRUILLE (RTE DE);47,9838400000;0,1471900000;4;PRUILLE (RTE DE);0.0;;2;2;0;1;0;0;1;; -1;1;0;1;50;A01;2;7;0;1;7;1;1;
202100010145;183 566;B01;1;1;3;2;1970.0;1;8;0;-1;-1; -1;-1;243 102;29;10;2021;23:39;5;57;57672;2;1;1;6;PAUL ALBERT (RUE) - PAIR;49,3565000000;6,1544600000;4;PAUL ALBERT (RUE) - PAIR;0.0;;2;2;0;1;0;0;1;; -1;1;0;1;50;B01;1;80;0;2;8;19;3;
202100020123;165 656;B01;1;1;4;1;2005.0;5;8;0;-1;-1; -1;-1;219 767;8;9;2021;17:10;1;93;93070;2;1;1;3;CHARLES SCHMIDT(RUE) : APRES 49;48,9031000000;2,3338600000;4;CHARLES SCHMIDT(RUE) : APRES 49;0.0;;2;2;1;1;0;0;1;; -1;1;0;1;50;B01;3;50;0;2;1;19;3;
202300018734;155 647 362;A01;10;3;1;1;2006.0;0;0;-1;-1;3;3;2;203 806 742;22;12;2023;18:10;5;47;47001;2;1;2;6;LIBERTE (BOULEVARD DE LA);44,20074000;0,62251000;3;LIBERTE (BOULEVARD DE LA);0.0;;2;2;1;1;45;1 487;1;; -1;2;0;1;30;A01;1;7;0;1;1;26;1;
201900010984;138 286 083;A01;1;1;4;1;2003.0;5;2;6;-1;0;0;-1;24816;5;7;2019;23:30;3;974;97404;1;1;1;7;D17 E; -21,2347220;55,3729290;3;17;;E;2;2;0;1;(1);(1);2;;;1;0;1;80;A01;3;2;0;0;0;1;1;
202300019492;155 645 988;A01;1;1;2;2;1959.0;3;0;-1;-1;0;0;-1;203 804 943;23;4;2023;08:00;1;21;21223;1;1;5;6;M971 Route de Troyes;47,35989200;4,97650600;7;971;0.0;D;2;2;0;1;5;995;2;;7;2;0;3;80;A01;2;7;13;0;1;0;1;
202100054718;103 984;B01;3;2;1;2;2018.0;2;1;3;-1;0;0;-1;138 000;18;1;2021;08:30;1;44;44072;1;1;1;2;D774;47,4701790000; -2,3074620000;3;774;-1.0;;2;2;0;1;3;700;1;; -1;1;0;1;80;B01;1;7;0;0;5;23;1;
201900030836;138 248 359;A01;10;3;4;1;1976.0;5;8;0;-1;5;1;2;69697;19;5;2019;18:30;1;35;35238;2;1;1;6;PREVALAYE (QUAI DE LA);48,1073300; -1,6943100;4;PREVALAYE (QUAI DE LA);0.0;;1;2;1;2;0;0;2;;;1;0;4;50;A01;3;32;12;1;2;14;1;
202000016675;154 712 926;B01;1;1;4;1;1933.0;5;1;0;-1;-1; -1;-1;36906;23;1;2020;17:00;1;13;13204;2;1;1;2;ALEX. FLEMING (BOULEVARD);43,3165760;5,3961807;4;;0.0;;3;5;0;2;0;0;1;; -1;1;0;1;50;B01;3;7;12;0;6;23;0;
202400027903;155 732 598;A01;1;1;4;1;1991.0;5;2;8;-1;-1; -1;-1;203 922 774;26;7;2024;18:40;1;13;13047;2;1;1;3;ANCIENS COMBATTANTS AVENUE DES;43,49420000;4,99261000;4;ANCIENS COMBATTANTS AVENUE DES;0.0;;2;2;0;1;0;0;1;; -1;1;0;1;50;A01;3;33;0;2;1;17;1;
202000002882;154 737 204;A01;1;1;1;1;1987.0;9;8;0;-1;0;0;-1;6423;20;5;2020;09:00;1;75;75109;2;5;1;3;BOULEVARD HAUSSMANN;48,8719750;2,3400430;4;;0.0;;1;2;0;1;0;0;2;; -1;1;0;1;30;A01;1;7;0;2;8;15;1;
202300027459;155 631 877;A01;10;3;4;1;1941.0;9;0;-1;-1;4;3;1;203 786 105;17;4;2023;16:52;1;10;10387;2;1;2;6;Boulevard Victor Hugo;48,29361000;4,06882000;4;VICTOR HUGO (RUE);0.0;;3;4;0;1; -1; -1;1;; -1;2;5;1;50;A01;2;7;0;1;2;15;1;
202000044312;154 664 354;A01;1;1;1;1;1992.0;1;1;0;-1;-1;0;-1;97663;9;3;2020;18:40;2;13;13206;2;2;1;-1;BAILLE (BOULEVARD);43,2883441;5,3927520;4;;0.0;;2;4;0;1;(1);(1);1;; -1;1;0;1;50;A01;1;7;0;2;2;15;1;
202000015407;154 715 200;A01;1;1;1;1;1938.0;3;1;0;-1;0;0;-1;34029;8;6;2020;16:25;1;83;83061;2;1;1;6;AVENUE MARÉCHAL DE LATTRE DE TASSIGNY;43,4314900;6,7526500;3;NC;0.0;;3;2;0;1;0;1500;1;; -1;1;0;1;50;A01;1;10;0;1;3;1;1;
202000013099;154 719 264;A01;1;1;1;1;1981.0;1;1;0;-1;-1; -1;-1;28904;16;7;2020;12:45;1;69;69388;2;2;1;6;EPARGNE (DE L')                     (R );45,7416000;4,8605000;4;;0.0;;1;3;0;1;0;0;1;; -1;1;0;1;50;A01;1;7;0;1;1;15;1;
202300024789;155 636 662;A01;1;1;4;1;1948.0;5;1;-1;-1;0;0;-1;203 792 316;29;8;2023;15:35;1;35;35210;1;1;1;7;RN12;48,14334000; -1,77870000;2;12;0.0;;3;2;0;1;68;543;1;;10,5;1;0;3;110;A01;1;7;7;0;9;14;1;
202400029322;155 730 140;B01;1;1;4;2;1988.0;0;1;0;-1;-1; -1;-1;203 919 477;4;3;2024;09:15;1;26;26313;2;1;1;2;N7;44,95776000;4,92887000;2;L.A.C.R.A RN7 (BLV);0.0;;1;2;0;1;43;0;1;; -1;1;0;1;90;B01;2;7;0;2;4;2;1;
202200046569;731 056;Y01;1;1;4;1;2005.0;2;8;8;-1;0;0;-1;988 873;10;6;2022;08:10;1;94;94037;2;9;1;3;Avenue Raspail;48,8147700000;2,3518600000;3;RASPAIL (AV);0.0;;1;1;1;1;0;0;1;; -1;1;0;1;30;Y01;1;1;0;2;0;0;5;
202100033798;141 350;C01;1;1;1;1;1948.0;0;1;0;-1;-1; -1;-1;186 700;17;6;2021;18:00;1;78;78350;1;1;1;4;VERSAILLES (ROUTE DE);48,8495200000;2,1085200000;2;VERSAILLES (ROUTE DE);0.0;;1;2;0;1;26;650;1;; -1;1;0;1;70;C01;1;7;0;2;1;1;1;
202400040972;155 709 582;B01;1;1;4;1;1996.0;5;1;0;-1;-1; -1;-1;203 891 466;3;4;2024;14:05;1;34;34003;2;1;1;2;SAINT CHRIST (M7 A H11;43,30065000;3,46482000;4;SAINT CHRIST (M7 A H11;0.0;;2;2;0;1;0;0;1;;7;1;0;1;30;B01;0;7;0;2;4;0;1;
202100034932;139 269;A01;10;3;3;1;2008.0;0;0;-1;-1;3;3;1;183 960;11;6;2021;09:53;1;2B;2B033;2;1;1;3;ROUTE ROYALE;42,6759100000;9,4371700000;3;ROUTE ROYALE;0.0;;-1;2;0;2;1;0;1;; -1;1;0;1;50;A01;3;7;0;1;5;26;1;
202400034708;155 720 623;A01;1;1;1;1;1975.0;4;8;0;0;-1; -1;-1;203 906 326;14;12;2024;12:00;1;92;92036;1;1;1;5;AUTOROUTE A15;48,94651571;2,28277090;1;15;0.0;;3;4;0;1;5;500;1;;14;1;2;1;110;A01;1;15;0;2;8;11;1;
202000011379;154 722 230;A01;1;1;1;1;1950.0;5;8;0;-1;-1; -1;-1;25059;14;9;2020;12:20;1;92;92012;2;9;1;3;JEAN BAPTISTE CLEMENT (AVENUE) 49/FIN -;48,8456950;2,2366090;3;103;0.0;;2;2;0;1;0;0;1;; -1;1;9;1;50;A01;2;7;0;2;5;15;1;
201900011527;138 285 070;A01;1;1;4;2;1962.0;0;1;4;-1;-1; -1;-1;26028;14;9;2019;15:30;1;93;93030;1;1;1;4;AUTOROUTE A1;48,9397577;2,4194524;1;1;0.0;;3;8;0;1;7;699;1;;;1;0;1;90;A01;2;10;0;2;2;2;1;
201900018677;138 271 504;B01;1;1;4;1;1976.0;5;2;6;-1;0;0;-1;42102;27;12;2019;10:30;1;75;75110;2;1;1;3;RUE DU FAUBOURG SAINT MARTIN;48,8703220;2,3563400;4;RUE DU FAUBOURG SAINT MARTIN;0.0;;1;3;3;1;33;0;1;;;1;0;6;50;B01;2;31;0;2;3;1;1;
201900022082;138 265 032;B01;1;1;4;1;1994.0;5;2;8;-1;0;0;-1;49958;15;11;2019;13:35;1;64;64024;2;3;8;5;BERNAIN (AVENUE EUGENE);43,4840300; -1,5114000;4;BERNAIN (AVENUE EUGENE);0.0;;2;3;0;2;0;0;1;;;2;0;1;50;B01;3;33;0;2;1;1;1;
202000007837;154 728 459;A01;1;1;4;1;2002.0;9;2;6;-1;0;0;-1;17235;19;7;2020;21:00;1;75;75112;2;2;1;3;AVENUE DAUMESNIL;48,8366910;2,4035180;4;;0.0;;2;2;0;1;0;0;1;; -1;1;0;1;50;A01;1;30;0;2;0;1;1;
201900050186;138 211 758;A01;1;1;1;1;1983.0;1;1;0;-1;0;0;-1;113341;25;9;2019;01:40;5;75;75112;2;2;1;4;BOULEVARD DIDEROT;48,8464453;2,3789554;4;BOULEVARD DIDEROT;0.0;;2;3;-1;1;39;0;1;;;1;0;1;50;A01;1;7;0;2;1;2;1;
202200015787;785 959;B01;1;1;1;1;1958.0;1;1;8;-1;0;0;-1;1 062 443;27;6;2022;06:30;2;974;97416;1;2;1;1;BRETELLE SORTIE LIGNE PARADIS; -21,3211500000;55,4829500000;4;BRETELLE SORTIE LIGNE PARADIS;0.0;;1;1;0;1;0;0;1;; -1;1;0;1;50;B01;3;10;0;2;3;15;1;
202200036501;748 911;C01;1;1;1;1;1999.0;1;1;0;-1;-1; -1;-1;1 012 912;25;2;2022;17:00;1;59;59515;1;1;1;4;AUTOROUTE A2;50,3288400000;3,4382600000;1;AUTOROUTE A2;0.0;;-1;4;0;1;55;200;1;; -1;2;0;1;130;C01;1;7;0;2;4;2;1;
202400007798;155 768 099;A01;1;1;1;1;2002.0;0;1;0;-1;-1; -1;-1;203 970 248;26;11;2024;07:20;1;973;97302;2;1;1;3;FELIX EBOUE(ROCADE);4,93052000; -52,31396000;3;FELIX EBOUE(ROCADE);0.0;;2;2;0;1;2;0;1;; -1;1;0;1;50;A01;1;7;0;2;2;15;1;
202100016442;172 238;A01;1;1;1;1;1962.0;3;1;8;-1;-1; -1;-1;228 379;27;9;2021;17:40;1;972;97209;2;1;1;6;SALVADOR ALLENDE (AVENUE);14,6103600000; -61,0477100000;4;SALVADOR ALLENDE (AVENUE);0.0;;2;2;0;1;(1);(1);1;; -1;1;0;1;50;A01;1;7;0;1;2;1;1;
202100025212;156 599;D01;7;2;1;2;2011.0;5;1;-1;-1;0;0;-1;207 472;7;8;2021;23:10;3;11;11188;1;1;1;6;Autoroute A9 - PK 217.100 - sens PERPIGNAN / NARBONNE;42,9544910000;2,9706000000;1;9;0.0;A;3;3;0;1;217;100;1;; -1;1;0;1;130;D01;2;7;14;0;9;0;1;
202100015719;173 569;A01;1;1;1;1;1999.0;0;1;0;-1;-1; -1;-1;230 083;1;10;2021;21:00;5;78;78321;1;1;2;2;RN12 EXT;48,7979230000;1,9122660000;2;RN12 EXT;0.0;;3;2;0;1;37;200;1;; -1;2;1;1;70;A01;1;7;0;2;1;2;1;
202000013904;154 717 836;B01;1;1;1;1;1983.0;4;1;-1;-1;0;0;-1;30692;12;10;2020;04:20;5;69;69115;1;1;2;2;autoroute 6 péage de VILLEFRANCHE-LIMAS pk427.200;45,9735235;4,7319800;1;6;0.0;;3;3;0;1;427;200;1;; -1;2;0;1;70;B01;1;15;0;0;4;2;0;
202300001258;155 678 343;A01;1;1;1;1;1984.0;0;2;0;0;-1; -1;-1;203 848 216;22;9;2023;19:40;1;92;92040;2;1;9;6;FRERES VOISIN (BOULEVARD DES);48,82787383;2,27267700;3;FRERES VOISIN (BOULEVARD DES);0.0;;-1;2;0;1;0;0;1;; -1;1;0;1;30;A01;2;30;0;1;1;1;1;
202400043098;155 705 902;A01;2;2;3;2;1970.0;5;1;-1;-1;0;0;-1;203 886 274;26;2;2024;10:10;1;83;83001;1;1;3;6;A8, PK 143.800 chaussée nord;43,54705500;6,79324200;1;8;0.0;A;1;3;0;2;143;800;3;;13,5;2;0;1;130;A01;2;7;4;2;1;0;1;
201900006541;138 294 196;A01;4;2;4;1;1995.0;5;1;0;-1;-1;0;-1;14752;20;4;2019;21:30;3;60;60414;1;1;1;1;RD 200 - ROND POINT PATHE;49,2600190;2,4535131;3;200;0.0;;2;4;0;1;15;29;2;;;1;0;1;80;A01;2;7;0;2;0;0;1;
202200000724;812 680;A01;10;3;4;1;1986.0;5;0;-1;-1;2;3;2;1 097 986;16;10;2022;19:05;5;73;73241;2;3;1;6;D925 / Chemin des moulins;45,6149890000;6,3190860000;3;925;-1.0;D;2;2;0;1;30;105;1;;4;1;0;1;30;A01;2;7;0;1;2;9;1;
201900035213;138 239 960;A01;5;2;1;1;1989.0;5;1;-1;-1;0;0;-1;79617;5;10;2019;05:05;3;16;16330;1;1;1;6;9 Rue des Fosses de Jarnouzeau;45,6824070; -0,3769590;3;83;;;2;2;0;1;3;78;1;0.0;5.6;1;0;3;80;A01;2;7;6;0;2;1;1;
201900028353;138 253 045;B01;1;1;4;1;1985.0;1;1;-1;-1;0;0;-1;64147;27;6;2019;08:45;1;60;60338;2;6;1;3;Rue Bellum Villare, GIRATOIRE JEAN MONNET;49,3810598;2,7828379;3;200;;;1;2;0;1;47;310;3;;;1;5;1;50;B01;2;7;0;2;5;12;1;
201900027922;138 253 809;A01;1;1;1;1;1966.0;5;1;0;-1;0;0;-1;63197;19;1;2019;05:40;5;62;62119;2;3;1;6;LILLE ( RUE DE );50,5253700;2,6501800;4;LILLE ( RUE DE );0.0;;2;0;0;1;1;0;1;;;1;0;2;50;A01;1;7;0;1;1;1;1;
202200042047;739 098;B01;7;2;1;2;2014.0;0;8;-1;-1;0;0;-1;999 666;25;9;2022;17:55;1;47;47206;1;2;1;3;Route de Monbahus;44,4991300000;0,5666490000;3;413;0.0;D;2;2;0;1;0;1;1;; -1;1;0;1;80;B01;1;7;0;2;1;1;1;
202100053490;106 106;A01;3;2;1;1;2017.0;0;1;0;-1;-1; -1;-1;140 921;27;1;2021;07:15;5;94;94078;2;1;2;3;PARIS (R DE);48,7406200000;2,4467300000;2;R DE PARIS;0.0;;1;4;0;1;0;0;1;; -1;2;0;1;50;A01;1;7;0;2;2;1;1;
202100008047;187 346;A01;1;1;4;1;1975.0;9;8;0;-1;0;0;-1;248 248;15;11;2021;18:00;5;75;75117;2;2;2;7;AVENUE DE CLICHY;48,8915580000;2,3185120000;4;AVENUE DE CLICHY;0.0;;2;2;1;1;(1);(1);1;; -1;2;0;1;30;A01;1;50;0;0;1;1;3;
201900021813;138 265 565;A01;1;1;4;1;1985.0;5;2;8;-1;-1;0;-1;49362;12;5;2019;23:45;5;79;79191;2;1;1;7;358 route d'Aiffres;46,3046900; -0,4389700;3;740;0.0;;2;2;-1;1;2;0;1;;50.0;1;9;1;50;A01;1;30;14;0;3;1;1;
202100045724;120 018;B01;10;3;4;1;1987.0;1;0;-1;-1;5;1;1;158 847;13;1;2021;14:00;1;25;25056;2;3;2;6;VESOUL RUE DE (sup 52);47,2517000000;6,0174000000;4;VESOUL RUE DE (sup 52);0.0;;2;2;0;2;(1);(1);1;; -1;2;0;1;50;B01;2;7;0;2;3;1;1;
202100052147;108 500;A01;10;3;4;1;1944.0;0;0;-1;-1;4;3;1;144 008;8;2;2021;11:35;1;94;94043;2;1;1;6;EUGENE THOMAS (AV);48,8097840000;2,3603300000;3;AV EUGENE THOMAS ;0.0;;3;4;0;1;1;0;1;; -1;1;5;1;50;A01;1;7;0;1;1;1;1;
202100019682;166 466;B01;1;1;4;1;1987.0;2;1;-1;-1;-1; -1;-1;220 800;10;9;2021;12:45;1;33;33550;2;1;1;5;Chemin de Couhins;44,7531830000; -0,5851700000;4;CHEM DE COUHINS;0.0;;2;2;1;2;(1);(1);1;; -1;1;-1;1;50;B01;1;7;0;2;8;1;1;
201900034388;138 241 562;A01;1;1;4;2;1999.0;5;1;0;-1;0;0;-1;77726;22;7;2019;13:32;1;87;87085;2;1;1;6;ENCOMBE-VINEUSE (IMPASSE ET RUE);45,8397200;1,2547300;4;ENCOMBE-VINEUSE (IMPASSE ET RUE);0.0;;1;1;0;1;0;0;1;;;1;0;1;50;A01;2;3;1;0;1;14;1;
202200054616;716 846;A01;1;1;1;2;1959.0;0;1;0;-1;-1; -1;-1;969 844;4;5;2022;09:45;1;55;55029;2;1;1;6;ROCHELLE ( BOULEVARD DE LA );48,7720695261;5,1633105241;4;ROCHELLE ( BOULEVARD DE LA );0.0;;2;2;0;1;0;0;1;; -1;1;0;1;30;A01;1;7;0;1;1;1;1;
202200049248;726 301;A01;1;1;1;1;1963.0;4;1;-1;-1;0;0;-1;982 647;11;5;2022;08:53;1;34;34151;2;6;1;6;Boulevard Emile Zola;43,6639950000;4,1772290000;3;;0.0;;2;2;0;1;14;290;3;;4;1;0;6;50;A01;1;10;0;1;2;16;0;
202300000324;155 679 973;A01;1;1;1;2;1992.0;5;1;-1;-1;-1; -1;-1;203 850 414;29;11;2023;19:30;5;33;33318;2;3;2;3;Avenue Antoine Becquerel;44,78654743; -0,64460725;4;AVE ANTOINE BECQUEREL;0.0;;2;2;0;1; -1; -1;1;; -1;2;0;1;50;A01;3;7;0;2;2;1;1;
202100031476;145 489;A01;1;1;3;1;2003.0;1;2;6;-1;0;0;-1;192 166;29;6;2021;17:15;1;01;01082;2;1;2;7;Route de Seyssel;46,0017610000;5,7838620000;3;991;0.0;;3;2;0;2;53;960;3;; -1;9;0;1;50;A01;1;2;0;0;1;1;0;
202100047077;117 621;A01;1;1;3;1;1998.0;0;0;-1;-1;0;0;-1;155 801;22;3;2021;17:40;1;972;97221;2;1;1;6;Rue du Morne Costet;14,5239660000; -60,9747860000;3;8;0.0;A;2;2;0;2;0;100;1;; -1;1;0;1;50;A01;2;31;0;2;1;21;1;
202400032173;155 725 059;A01;1;1;1;1;1978.0;4;1;0;0;-1; -1;-1;203 912 427;22;7;2024;09:40;1;93;93078;2;1;1;4;VAUBAN (AVENUE);48,96998000;2,55027000;3;40;0.0;;-1;2;0;1;0;0;1;; -1;1;0;1;5;A01;3;13;0;2;1;1;1;
202200030584;759 429;A01;1;1;1;1;2001.0;5;8;-1;-1;0;0;-1;1 027 107;10;12;2022;22:40;5;69;69266;2;1;8;6;Cours Emile Zola;45,7708408270;4,8722112180;4;EMILE ZOLA     (Cours);0.0;;2;2;2;1;(1);(1);1;; -1;2;0;5;50;A01;2;1;0;1;1;1;5;
202400045326;155 701 964;B01;1;1;2;1;1974.0;5;2;6;9;0;0;-1;203 880 939;9;5;2024;11:45;1;35;35117;1;2;1;3;D258;48,13803400; -2,24838900;3;258;-1.0;;2;2;0;1;2;780;1;;5;1;0;1;80;B01;3;33;0;2;8;16;1;
202300042434;155 605 373;A01;1;1;1;1;2001.0;0;1;0;-1;-1; -1;-1;203 750 533;5;12;2023;15:25;1;84;84007;1;9;1;2;A7D;43,89166000;4,91641000;1;A7D;0.0;;2;2;0;1;0;0;1;; -1;1;0;1;80;A01;3;10;0;2;1;2;1;
202000019529;154 707 837;A01;1;1;4;1;2003.0;0;2;-1;-1;-1; -1;-1;43209;7;10;2020;19:10;5;38;38185;2;1;1;3;Avenue Edmond Esmonin;45,1596200;5,7237500;3;5;0.0;;3;7;0;1;1;875;1;; -1;1;0;1;50;A01;1;34;0;2;3;18;1;
202000044630;154 663 765;B01;1;1;4;1;2001.0;2;2;0;-1;-1; -1;-1;98384;4;2;2020;08:00;1;74;74119;2;3;8;3;CORNICHE (ROUTE DE LA)  CD21;46,3875500;6,5866500;3;RD21;0.0;;2;2;0;1;7;350;1;; -1;2;0;1;50;B01;2;2;0;2;1;1;1;
201900017322;138 274 016;B01;1;1;4;2;1980.0;0;2;8;-1;0;0;-1;39039;14;10;2019;09:10;1;75;75110;2;1;1;3;BOULEVARD DE MAGENTA;48,8821744;2,3507755;4;BOULEVARD DE MAGENTA;0.0;;1;1;1;2;0;0;1;;;1;0;5;20;B01;2;1;0;2;4;1;5;
202300040407;155 608 908;A01;1;1;3;1;2004.0;5;1;-1;-1;0;0;-1;203 755 257;10;12;2023;02:00;3;81;81139;1;1;1;6;Route de Grayssac;43,73810400;2,13521000;4;0;0.0;A;2;1;0;2;6;42;1;; -1;2;0;3;80;A01;3;7;2;0;8;0;1;
202200054144;717 688;B01;1;1;1;1;1991.0;4;1;0;-1;-1; -1;-1;970 982;4;5;2022;15:45;1;42;42237;1;1;8;2;A72;45,4442229157;4,4283526044;1;A72;0.0;;3;4;0;1;1;200;1;; -1;2;0;1;90;B01;2;10;0;2;4;1;1;
202000028515;154 692 099;A01;1;1;2;1;1969.0;5;1;-1;-1;0;0;-1;62799;17;2;2020;16:10;1;35;35023;1;1;2;6;RN 12 Bédée;48,1862750; -1,9829890;2;12;0.0;;3;4;0;1;85;215;1;; -1;2;0;8;110;A01;1;7;3;0;3;13;1;
201900041718;138 227 772;A01;1;1;1;1;1966.0;4;1;-1;-1;0;0;-1;94095;11;12;2019;11:10;1;53;53186;2;3;1;6;2 Rue de Laval;47,9250120; -0,8035600;3;1;0.0;;2;2;0;1;17;0;1;;;2;5;1;50;A01;2;21;0;1;2;16;1;
202300006913;155 668 266;A01;1;1;1;1;1976.0;4;8;0;-1;-1; -1;-1;203 834 856;5;6;2023;12:15;1;75;75106;2;1;1;3;BOULEVARD SAINT MICHEL;48,84922200;2,34200700;4;BOULEVARD SAINT MICHEL;0.0;;2;2;0;2; -1; -1;1;; -1;1;0;1;30;A01;3;7;0;2;3;22;1;
202400052496;155 689 407;A01;2;2;1;2;1993.0;5;1;0;-1;0;0;-1;203 864 031;15;8;2024;14:10;1;75;75119;2;2;1;6;AVENUE JEAN JAURES;48,88773100;2,38932300;4;AVENUE JEAN JAURES;0.0;;2;5;1;1; -1; -1;1;; -1;1;0;5;30;A01;1;7;0;2;2;24;1;
202300040341;155 609 027;C01;1;1;1;1;1994.0;5;1;0;-1;-1; -1;-1;203 755 416;9;12;2023;10:00;1;13;13213;2;1;1;2;JEAN PAUL SARTRE (AVENUE);43,31390000;5,40593000;4;JEAN PAUL SARTRE (AVENUE);0.0;;1;3;0;1;0;0;3;; -1;1;0;1;50;C01;1;10;0;2;0;0;1;
202100050426;111 561;A01;1;1;1;1;1959.0;0;1;0;-1;-1; -1;-1;147 998;23;2;2021;16:05;1;30;30351;2;2;1;6;JACOB;43,9768000000;4,7944000000;4;JACOB;0.0;;1;2;0;1;0;0;1;; -1;1;0;1;50;A01;2;7;0;1;1;15;1;
202200014739;787 793;B01;2;2;4;2;1929.0;5;1;8;-1;-1; -1;-1;1 064 919;28;5;2022;15:15;1;32;32013;2;9;1;3;HOCHE (AVENUE);43,6470000000;0,5900000000;4;HOCHE (AVENUE);0.0;;1;2;0;1;0;0;1;; -1;1;0;1;50;B01;3;7;0;2;7;1;1;
202400015654;155 754 211;A01;1;1;3;1;1965.0;5;1;-1;-1;0;0;-1;203 951 690;21;4;2024;09:15;1;39;39013;1;1;2;6;;46,88936600;5,72955300;2;83;-1.0;;2;2;0;1;70;680;1;;7;2;0;8;80;A01;2;7;6;0;1;13;1;
202100046898;117 944;A01;1;1;1;2;1934.0;5;1;-1;-1;0;0;-1;156 207;23;3;2021;17:14;1;65;65440;2;1;1;4;JUIN (BOULEVARD DU MARECHAL);43,2371400000;0,0565800000;3;JUIN (BOULEVARD DU MARECHAL);0.0;;2;3;0;1;2;741;1;; -1;1;0;1;50;A01;1;7;0;0;4;1;1;
202100005052;192 751;A01;1;1;1;-1;;-1;8;-1;-1;-1; -1;-1;255 293;2;12;2021;06:30;5;69;69266;2;2;2;3;LEON FABRE (R);45,7785100000;4,8746100000;4;LEON FABRE      (Rue);0.0;;2;2;2;1;(1);(1);1;; -1;2;0;1;50;A01;1;7;0;2;1;26;1;
202300042431;155 605 380;A01;2;2;4;1;1998.0;1;1;0;-1;-1; -1;-1;203 750 542;31;8;2023;01:40;3;77;77143;1;1;1;7;D405;48,98795000;2,88446000;3;D405;0.0;;2;3;0;2;18;156;3;;10,5;1;0;3;90;A01;3;7;0;0;9;19;1;
202400032547;155 724 404;A01;1;1;4;1;1987.0;0;2;0;-1;-1; -1;-1;203 911 572;21;6;2024;12:26;1;973;97302;1;1;8;7;ROUTE NATIONALE 3;4,90379000; -52,31641000;3;ROUTE NATIONALE 3;0.0;;2;2;0;1;0;730;1;; -1;3;0;3;50;A01;1;30;0;0;0;1;1;
202100053547;106 005;B01;1;1;1;1;1999.0;4;1;0;-1;-1; -1;-1;140 783;27;1;2021;15:20;1;93;93063;1;1;2;3;AUTOROUTE A3;48,8778600000;2,4459300000;1;AUTOROUTE A3;0.0;;3;8;0;3;3;0;1;; -1;2;0;1;70;B01;1;15;0;2;2;1;1;
202300012204;155 658 882;B01;1;1;4;1;2002.0;0;8;-1;-1;-1; -1;-1;203 822 075;21;11;2023;20:22;5;69;69386;2;3;1;3;Rue Garibaldi;45,77125000;4,84988000;4;;0.0;;1;1;2;1; -1; -1;1;; -1;1;0;1;30;B01;1;1;0;2;1;0;5;
202000031513;154 686 969;B01;1;1;1;1;1983.0;4;1;0;-1;-1; -1;-1;69240;2;6;2020;11:20;1;92;92050;2;2;1;1;COURBEVOIE RUE DE;48,8938104;2,2120500;3;131;0.0;;2;5;0;1;0;1;1;; -1;1;0;1;50;B01;3;10;0;2;1;2;1;
202000027722;154 693 526;A01;1;1;1;1;1982.0;5;1;0;-1;-1; -1;-1;61056;2;10;2020;15:20;1;92;92012;2;2;3;1;CHATEAU (RUE DU) 1/125 - 2/136;48,8421926;2,2399208;3;102;0.0;;2;2;0;1;0;0;1;; -1;2;9;1;50;A01;2;7;0;2;3;15;1;
202400001892;155 778 442;A01;1;1;1;2;2004.0;5;1;0;0;-1; -1;-1;203 984 064;18;9;2024;22:05;5;93;93072;2;1;1;3;HENNEQUIN (RUE);48,95757000;2,37895000;4;;0.0;;2;2;0;1;0;0;1;; -1;1;0;1;50;A01;3;7;0;2;2;1;1;
202000005903;154 731 862;B01;1;1;1;1;1977.0;1;1;-1;-1;0;0;-1;12953;22;7;2020;18:30;1;53;53126;1;2;1;3;La paisière;48,3648030; -0,9723440;3;224;0.0;D;2;2;0;1;14;180;1;; -1;1;0;1;80;B01;1;10;6;2;8;1;1;
202000028355;154 692 398;A01;2;2;4;2;1998.0;4;1;-1;-1;0;0;-1;62429;7;7;2020;18:45;1;45;45178;2;1;1;2;Avenue du Vingt Quatre Novembre;48,0023420;2,5437100;3;2160;-1.0;;2;2;0;1;42;875;1;; -1;1;0;1;50;A01;2;7;0;2;1;17;1;
202100028995;149 899;A01;1;1;4;1;1964.0;5;1;0;-1;-1; -1;-1;198 191;14;7;2021;19:05;1;94;94017;1;1;1;2;Avenue du Général de Gaulle;48,8272000000;2,5073200000;1;GENERAL DE GAULLE (AV DU);0.0;;1;2;0;2;1;0;1;; -1;1;0;1;50;A01;2;7;0;2;4;16;1;
201900015919;138 276 766;A01;2;2;1;2;2019.0;0;1;0;-1;-1; -1;-1;35838;5;8;2019;16:30;1;93;93066;2;1;1;2;"""STALINGRAD (AVENUE), NR 88 A 114 BIS""";48,9465300;2,3705700;3;29;0.0;;2;4;0;1;0;0;1;;;1;0;1;50;A01;2;7;0;2;4;1;0;
202300030605;155 626 278;A01;1;1;4;1;2007.0;0;2;6;-1;0;0;-1;203 778 656;15;12;2023;09:10;1;79;79079;1;1;1;1;rue du mouton blanc;46,92745300; -0,75476000;3;;-1.0;;2;2;0;2;0;235;1;;7;1;0;1;50;A01;1;2;0;2;1;9;1;
202000013829;154 717 956;A01;3;2;4;2;2007.0;5;0;-1;-1;0;0;-1;30517;15;8;2020;17:40;1;2B;2B049;1;1;1;7;A Flatta (Hôtel);42,5034270;8,8718890;4;S.O.;0.0;;-1;2;0;2;(1);(1);2;; -1;9;0;8;50;A01;3;3;0;0;0;1;1;
202400051190;155 691 674;A01;1;1;4;2;1999.0;5;1;8;-1;-1; -1;-1;203 867 066;20;9;2024;04:00;5;972;97213;1;1;1;2;ROUTE NATIONALE 1;14,61995000; -60,99418000;2;ROUTE NATIONALE 1;0.0;;2;4;0;1;3;0;1;; -1;1;0;1;70;A01;2;7;0;2;4;26;1;
202300034690;155 619 091;B01;1;1;1;1;1964.0;0;1;0;-1;0;0;-1;203 768 930;5;9;2023;19:00;1;91;91377;2;9;1;3;AV SAINT MARC;48,73372900;2,28593900;4;AV SAINT MARC;0.0;;2;2;0;1; -1; -1;1;; -1;1;9;1;50;B01;1;7;0;2;5;1;1;
201900037383;138 235 732;B01;1;1;4;2;1995.0;0;8;0;-1;0;0;-1;84448;31;8;2019;17:20;1;64;64445;2;1;1;6;FEDERICO GARCIA LORCA;43,3087200; -0,3548200;4;FEDERICO GARCIA LORCA;0.0;;2;2;0;1;0;0;1;;;1;0;1;50;B01;2;1;0;2;1;1;5;
202000023629;154 700 661;A01;1;1;1;1;1986.0;1;1;0;-1;0;0;-1;52148;9;11;2020;09:30;1;75;75116;2;7;1;6;RUE BOISSIERE;48,8656740;2,2926720;4;;0.0;;2;-1;0;2;0;0;1;; -1;1;0;1;50;A01;2;7;0;1;1;1;1;
202100018457;168 639;A01;10;3;3;1;1946.0;9;0;-1;-1;3;3;1;223 605;18;9;2021;08:45;1;63;63047;2;9;7;6;D 130 - Pont de la Dordogne;45,5891091643;2,7431955300;3;130;0.0;;2;2;0;1;(1);(1);1;; -1;1;2;1;50;A01;1;7;0;1;7;16;1;
202200042052;739 091;A01;1;1;1;-1;;-1;-1;-1;-1;-1; -1;-1;999 655;4;12;2022;22:30;3;93;93010;2;2;2;7;Route de Stains / Avenue Galliéni;48,9043100000;2,4706000000;3;STAINS (RTE DE);0.0;;2;4;0;2;1;1;1;; -1;2;0;1;50;A01;2;0;0;1;0;16;0;
202300033343;155 621 430;A01;1;1;4;1;1985.0;5;2;0;-1;0;0;-1;203 772 097;16;6;2023;14:10;1;973;97302;2;1;1;3;TROUBIRAN (CHEMIN DE);4,92816644; -52,30393410;4;TROUBIRAN (CHEMIN DE);0.0;;2;2;0;1; -1; -1;1;; -1;1;0;1;50;A01;3;2;0;2;8;1;1;
202000008478;154 727 340;A01;1;1;1;1;1999.0;1;1;8;-1;-1; -1;-1;18693;23;11;2020;15:40;1;66;66136;2;3;1;3;GUYNEMER (AVENUE GEORGES);42,6872500;2,9081400;4;GUYNEMER (AVENUE GEORGES);0.0;;2;4;0;1;0;0;1;; -1;1;0;1;50;A01;0;10;0;2;2;19;1;
202200005473;804 251;B01;1;1;3;1;1967.0;5;2;6;-1;0;0;-1;1 086 759;31;12;2022;15:10;1;33;33315;1;3;1;3;D674;45,0738690000; -0,0778480000;3;674;0.0;D;2;2;0;1;7;775;1;; -1;1;0;1;70;B01;2;33;0;2;1;1;1;
201900034785;138 240 783;A01;1;1;4;1;1993.0;1;2;6;-1;0;0;-1;78628;13;12;2019;08:40;1;45;45234;2;2;1;3;R DES CARMES - R H ROY;47,9015769;1,9008152;4;RUE DES CARMES;0.0;;2;2;-1;1;(1);(1);1;;;1;0;1;30;A01;3;30;0;2;1;1;1;
201900023692;138 261 866;H01;1;1;1;1;1991.0;0;1;-1;-1;0;0;-1;53586;7;3;2019;18:30;2;63;63113;2;1;1;4;DAUDET (RUE ALPHONSE);45,8148714;3,1036014;4;;0.0;;2;2;0;1;(1);(1);2;;;1;0;1;50;H01;1;7;0;2;1;26;1;
202300040455;155 608 821;A01;1;1;4;2;1990.0;5;8;-1;-1;0;0;-1;203 755 148;10;12;2023;06:20;2;01;01290;1;1;1;6;A42 sens LYON/GENÈVE PK 022+800;45,86401500;5,14808200;1;42;0.0;;3;3;0;1;22;800;1;;10;1;0;2;130;A01;1;7;3;0;2;26;1;
201900055400;138 201 914;A01;1;1;1;1;1967.0;1;8;0;-1;0;0;-1;125110;25;10;2019;07:15;2;91;91201;2;2;1;3;JACQUELINE JEUNON(RUE);48,6877800;2,4239100;4;MAINVILLE(RUE DE);0.0;;1;1;0;1;0;100;1;;;1;0;-1;50;A01;1;3;0;2;3;26;1;
202100024959;157 048;A01;1;1;1;1;1986.0;5;1;-1;-1;0;0;-1;208 123;9;8;2021;18:30;1;48;48094;2;1;1;1;Lieu dit Soulages 48500;44,3334420000;3,2211830000;4;6;0.0;;2;2;0;1;(1);(1);3;; -1;1;0;1;50;A01;3;10;0;2;3;13;1;
202400019714;155 747 080;A01;10;3;4;1;1968.0;4;4;-1;-1;1;3;1;203 942 037;8;9;2024;07:00;1;57;57463;2;1;8;6;Rue Gambetta;49,11055400;6,17467700;4;RM;-1.0;;2; -1;-1;1; -1; -1;1;; -1;1;0;1;-1;A01;2;7;0;1;1;1;3;
201900044960;138 221 556;C01;1;1;1;1;1979.0;5;1;4;-1;0;0;-1;101525;27;8;2019;13:40;1;91;91689;1;1;1;4;AUTOROUTE A6B;48,7482300;2,3276900;1;6;0.0;B;3;6;0;2;8;100;1;;;1;0;3;110;C01;2;7;0;2;4;1;1;
202200004660;805 681;A01;1;1;4;1;1994.0;0;1;5;-1;-1; -1;-1;1 088 655;5;8;2022;02:10;5;59;59599;2;2;1;3;PAPIN (CHAUSSEE DENIS);50,7339353556;3,1447251141;7;PAPIN (CHAUSSEE DENIS);0.0;;2;2;2;1;(1);(1);1;; -1;1;5;1;50;A01;2;7;0;2;1;1;1;
202300032534;155 622 887;Z01;10;3;4;1;1996.0;1;0;0;0;3;3;1;203 774 061;14;12;2023;07:45;2;94;94078;2;1;1;6;Rue de Balzac;48,73063700;2,44955200;4;;0.0;;1;0;0;1;1;0;1;; -1;1;0;1;50;Z01;1;7;0;1;0;0;1;
202200044112;735 412;B01;1;1;1;2;1993.0;9;8;0;-1;0;0;-1;994 651;2;12;2022;09:50;1;75;75119;2;2;1;2;AVENUE SIMON BOLIVAR;48,8755740000;2,3818740000;4;AVENUE SIMON BOLIVAR;0.0;;2;2;0;1;(1);(1);1;; -1;1;9;1;30;B01;1;1;0;2;8;15;5;
202300053028;155 586 499;A01;1;1;1;1;1999.0;0;1;-1;-1;0;0;-1;203 725 058;12;2;2023;12:00;1;50;50484;1;1;1;3;D976;48,58264000; -1,11436100;3;976;0.0;;1;2;0;2;26;600;1;; -1;1;0;1;80;A01;2;7;0;2;3;13;1;
202100040406;129 387;B01;1;1;1;1;1989.0;4;1;-1;-1;0;0;-1;171 029;10;5;2021;11:30;1;29;29075;1;2;1;3;Route de Lavallot;48,4178510000; -4,4203230000;4;;-1.0;;2;2;0;1;(1);(1);1;;4;1;0;1;50;B01;0;7;0;2;1;1;2;
202100015078;174 754;A01;1;1;1;1;1975.0;1;1;8;-1;0;0;-1;231 609;5;10;2021;12:30;1;26;26362;2;9;1;6;14 Rue Barthélémy de Laffemas;44,9190700000;4,9171300000;4;LAFFEMAS RUE BARTHELEMY DE (101);0.0;;2;2;0;1;(1);(1);1;; -1;1;0;1;20;A01;0;7;0;1;1;26;0;
202400002477;155 777 429;B01;1;1;1;1;1951.0;0;1;-1;-1;0;0;-1;203 982 704;29;11;2024;05:00;3;67;67435;1;2;9;3;Route de Fénétrange;48,90052600;7,07497800;3;800;-1.0;D;2;2;0;1;4;200;1;;7;1;0;1;80;B01;0;10;0;2;8;19;1;
202400012329;155 760 048;A01;1;1;1;1;1971.0;0;1;8;-1;-1; -1;-1;203 959 509;3;8;2024;17:28;1;56;56121;2;6;1;2;Boulevard Léon Blum;47,74851000; -3,37427000;4;;0.0;;2;2;0;1; -1; -1;1;; -1;1;5;1;30;A01;1;10;0;2;1;2;1;
201900016320;138 275 963;B01;1;1;1;1;1995.0;1;1;0;-1;-1; -1;-1;36736;15;5;2019;07:00;1;13;13205;2;1;1;2;JEAN MOULIN (BOULEVARD);43,2919300;5,4007200;4;JEAN MOULIN (BOULEVARD);0.0;;3;8;0;1;0;0;1;;;1;0;1;50;B01;1;7;0;2;6;2;0;
202400011948;155 760 718;B01;2;2;1;1;1965.0;4;1;8;-1;-1; -1;-1;203 960 405;22;4;2024;10:45;1;67;67482;2;3;1;3;FEDERATION (ROUTE DE LA);48,56362000;7,74196000;4;FEDERATION (ROUTE DE LA);0.0;;2;2;0;1; -1; -1;1;; -1;1;0;1;50;B01;1;10;0;2;3;15;1;
202400032204;155 725 009;A01;1;1;1;2;1996.0;9;2;6;0;-1; -1;-1;203 912 360;29;8;2024;23:09;5;92;92012;2;2;1;3;ROBERT SCHUMAN (AVENUE);48,84270761;2,24892229;4;ROBERT SCHUMAN (AVENUE);0.0;;2;2;0;1;0;0;1;; -1;1;0;1;30;A01;3;2;0;2;1;2;1;
201900022934;138 263 448;B01;2;2;1;2;1969.0;5;1;-1;-1;0;0;-1;51863;9;9;2019;15:50;1;41;41208;1;1;1;2;A10 PK 171.000 sens province paris;47,5811000;1,0680990;1;10;0.0;A;3;5;0;1;170;835;1;;;1;0;1;130;B01;2;7;0;0;4;2;1;
201900016403;138 275 815;B01;4;2;4;1;2017.0;0;3;0;-1;0;0;-1;36916;13;5;2019;18:00;2;974;97416;1;1;1;4;RN2; -21,3421600;55,4952400;2;2;0.0;;2;2;0;1;3;0;1;;;1;0;1;80;B01;1;7;0;2;4;2;1;
202000014562;154 716 734;B01;1;1;4;1;1975.0;5;8;0;-1;-1; -1;-1;32092;3;5;2020;17:00;1;69;69034;2;1;1;3;SOEUR VIALLY (DE LA)                (MO);45,7866800;4,8451000;4;SOEUR VIALLY (DE LA)                (MO);0.0;;2;2;0;2;0;1;3;; -1;1;0;1;50;B01;2;1;0;2;1;1;5;
202200004195;806 515;B01;1;1;1;2;1999.0;9;1;0;-1;0;0;-1;1 089 734;16;10;2022;05:20;3;54;54351;1;9;2;4;Autoroute A 31;48,8092800000;6,1137600000;1;Autoroute A 31;0.0;;3;4;0;1;265;399;1;; -1;2;8;1;70;B01;2;7;0;2;2;1;1;
202200010524;795 258;B01;1;1;4;2;1994.0;4;1;-1;-1;0;0;-1;1 074 895;16;6;2022;08:05;1;10;10076;1;1;1;1;Autoroute A5;48,1305254524;4,6648091440;1;5;-1.0;;3;4;0;1;175;950;1;; -1;1;0;1;-1;B01;2;7;0;2;4;2;1;
202100054883;103 705;B01;1;1;4;2;1990.0;1;1;0;-1;-1; -1;-1;137 611;15;1;2021;18:30;5;64;64445;2;1;1;4;CONDORCET;43,3126200000; -0,3623000000;4;CONDORCET;0.0;;1;2;0;1;0;0;1;; -1;2;0;1;50;B01;1;7;0;2;4;2;1;
202200011504;793 472;A01;1;1;3;2;1984.0;1;2;6;-1;0;0;-1;1 072 561;28;4;2022;18:20;1;79;79119;1;3;1;7;;46,5563080000; -0,4829050000;3;25;0.0;D;2;2;0;1;7;600;1;;5,3;1;0;3;80;A01;2;33;0;0;0;21;1;
202400005197;155 772 685;A01;2;2;1;1;2006.0;1;1;5;-1;-1; -1;-1;203 976 350;21;10;2024;12:45;1;37;37261;2;2;1;3;RENAULT (RUE DU GAL);47,37943000;0,68158000;4;MARCHANT DU PLESSIS (BOULEVARD);0.0;;2;2;0;1; -1; -1;1;; -1;1;0;1;50;A01;2;7;0;2;2;1;1;
202400052204;155 689 924;A01;1;1;1;1;1970.0;1;1;0;-1;-1; -1;-1;203 864 705;14;8;2024;17:44;1;972;97209;2;1;1;3;PROFESSEUR RAYMOND GARCIN (RUE DU);14,61315000; -61,07846000;2;PROFESSEUR RAYMOND GARCIN (RUE DU);0.0;;2;2;0;2;0;200;1;; -1;1;0;1;50;A01;1;7;0;2;3;15;1;
201900058017;138 197 113;B01;1;1;1;1;1990.0;3;1;0;-1;-1;0;-1;131183;18;8;2019;11:00;1;95;95572;1;9;3;2;AUTOROUTE A15;49,0331100;2,1066300;1;15;0.0;;3;8;0;1;22;100;1;;;2;0;1;90;B01;2;10;0;2;1;9;1;
202100052531;107 820;B01;1;1;4;2;1965.0;5;1;8;-1;-1; -1;-1;143 121;3;2;2021;16:30;1;67;67482;2;3;1;3;CHARMILLE (RUE DE LA);48,5875100000;7,7178500000;4;CHARMILLE (RUE DE LA);0.0;;2;2;0;1;0;0;1;; -1;1;0;1;50;B01;2;7;0;2;3;1;1;
201900056944;138 199 088;A01;1;1;4;1;1996.0;5;2;6;-1;0;0;-1;128680;8;6;2019;23:10;5;75;75109;2;7;1;6;BOULEVARD DES CAPUCINES;48,8706960;2,3325550;4;PLACE DE L OPERA;0.0;;2;4;0;1;0;0;1;;;1;0;1;50;A01;2;30;0;1;1;1;0;
202400050251;155 693 234;A01;1;1;1;1;1988.0;0;1;0;-1;-1; -1;-1;203 869 245;23;11;2024;15:00;1;13;13005;2;1;1;1;BONNES NOUVELLES (CH.DES);43,29270000;5,59109000;6;BONNES NOUVELLES (CH.DES);0.0;;1;2;0;1;1;0;1;; -1;1;0;6;30;A01;3;7;0;1;2;15;1;
202200038407;745 489;A01;1;1;4;1;1958.0;5;2;6;-1;-1; -1;-1;1 008 356;15;1;2022;19:10;2;974;97407;2;1;3;7;OWENS JAMES; -20,9345800000;55,3197800000;4;OWENS JAMES;0.0;;2;0;0;1;0;0;2;; -1;2;0;1;50;A01;3;31;0;0;3;15;1;
202200002571;809 424;A01;1;1;4;1;1997.0;0;8;-1;-1;0;0;-1;1 093 658;18;9;2022;07:00;2;45;45188;1;1;1;7;D2152 PR 44 + 270;47,9920762221;2,0758830849;3;2152;-1.0;;2;1;0;1;44;270;1;; -1;1;0;3;90;A01;2;7;0;0;2;1;1;
202200047624;729 194;B01;10;3;3;2;2018.0;9;8;8;-1;9;1;1;986 425;8;1;2022;21:00;5;93;93010;2;1;2;6;QUATORZE-JUILLET (AV. DU);48,9118636653;2,4911659956;3;QUATORZE-JUILLET (AV. DU);0.0;;1;2;0;1;1;0;1;; -1;2;0;1;50;B01;1;7;1;1;1;21;1;
202100050033;112 309;B01;1;1;4;1;2006.0;5;2;-1;-1;0;0;-1;148 951;26;2;2021;18:10;1;26;26198;2;1;1;3;65 Route de Dieulefit;44,5519000000;4,7669800000;3;DIEULEFIT(Route de);0.0;;2;2;0;1;3;430;1;; -1;1;0;1;50;B01;2;30;0;2;8;17;1;
201900003148;138 300 589;Z01;10;3;4;2;1983.0;5;0;-1;-1;5;9;1;7061;22;10;2019;11:30;1;75;75112;2;7;1;6;PLACE EDOUARD RENARD;48,8353580;2,4065948;4;PLACE EDOUARD RENARD;0.0;;2;2;-1;1;0;0;2;;;1;0;4;50;Z01;2;1;0;1;0;1;5;
202400011034;155 762 327;B01;2;2;4;1;1959.0;0;1;0;-1;-1; -1;-1;203 962 518;1;6;2024;04:20;5;94;94046;2;2;2;1;Rue de Joinville / Rue Condorcet;48,81049000;2,45269000;4;;0.0;;2;2;0;1;0;0;1;; -1;2;0;1;50;B01;1;7;0;2;2;1;3;
201900049189;138 213 613;A01;1;1;1;1;1990.0;9;1;0;-1;-1;0;-1;111017;6;12;2019;17:45;5;77;77513;2;1;2;6;D603 - CH DE PARIS (RUE DE LA);48,9555600;2,8658200;3;603;0.0;;3;4;0;2;19;1014;1;;;2;0;1;50;A01;1;7;0;1;7;1;1;
202000044383;154 664 221;B01;1;1;4;1;1973.0;4;1;-1;-1;-1; -1;-1;97812;26;8;2020;21:10;5;94;94073;2;1;1;2;RN 186;48,7544300;2,3753100;2;186;0.0;;1;1;0;1;0;0;1;; -1;1;0;1;50;B01;3;7;0;2;4;23;0;
202100031521;145 420;A01;1;1;1;1;1992.0;5;1;-1;-1;0;0;-1;192 068;1;7;2021;23:30;5;64;64430;2;6;1;7;Avenue du Corps Franc Pommies;43,4973670000; -0,7744400000;3;CD947;-1.0;;2;2;0;1;4;150;3;; -1;1;0;4;50;A01;1;7;6;0;2;2;1;
202200026134;767 477;A01;2;2;4;1;2016.0;0;1;0;-1;-1; -1;-1;1 037 714;9;11;2022;16:40;1;09;09225;2;1;3;4;MIREPOIX ROUTE DE;43,1025400000;1,6314100000;3;MIREPOIX ROUTE DE;0.0;;2;2;0;1;28;432;1;; -1;2;0;1;50;A01;1;10;0;2;1;1;1;
202000005465;154 732 609;A01;1;1;1;1;1985.0;4;1;0;-1;0;0;-1;12021;20;6;2020;15:13;1;75;75104;2;7;1;5;PLACE DE LA BASTILLE;48,8535680;2,3690410;4;;0.0;;2;5;0;1;0;0;1;; -1;1;0;1;50;A01;2;37;0;2;2;15;1;1.0
202000035405;154 680 189;A01;1;1;1;1;1982.0;9;1;8;-1;0;0;-1;77850;26;9;2020;19:50;5;75;75102;2;1;1;3;BOULEVARD DES ITALIENS;48,8718100;2,3390390;4;;0.0;;2;3;0;1;0;0;1;; -1;1;8;1;50;A01;1;7;0;2;3;11;1;
202100011733;180 758;A01;1;1;1;1;1984.0;4;1;-1;-1;-1; -1;-1;239 376;22;10;2021;08:00;2;33;33550;1;1;9;3;AUTOROUTE A 62;44,7627800000; -0,5476300000;1;AUTOROUTE A 62;0.0;;3;4;0;1;1;200;1;; -1;1;0;1;110;A01;2;7;0;2;2;12;1;
201900052934;138 206 511;B01;1;1;3;1;1994.0;9;2;6;-1;-1;0;-1;119540;17;6;2019;12:20;1;25;25388;2;2;1;3;CHAMP DU CERF (RUE DU);47,4976400;6,8122700;4;CHAMP DU CERF (RUE DU);0.0;;2;2;0;2;0;0;1;;;1;0;1;50;B01;3;33;0;2;1;17;1;
202200030967;758 758;B01;1;1;1;1;1975.0;0;1;0;-1;-1; -1;-1;1 026 228;29;8;2022;13:00;1;92;92019;1;1;1;2;RN385;48,7764016783;2,2356829485;2;385;0.0;;-1;2;0;1;58;400;1;; -1;1;0;1;90;B01;1;7;0;2;4;0;1;
202000038999;154 673 813;A01;1;1;1;1;1998.0;3;1;-1;-1;0;0;-1;85792;28;5;2020;05:20;2;49;49331;1;1;1;6;Le Pont de Montreuil (Châtelais);47,7317601; -0,9228315;3;193;0.0;D;2;2;0;2;8;300;2;;4;1;0;3;80;A01;1;7;2;0;7;15;0;
202300051674;155 588 878;B01;2;2;4;2;1956.0;5;1;-1;-1;0;0;-1;203 728 225;2;12;2023;17:45;3;85;85169;1;1;1;1;RD 2;46,80254791; -1,60031050;3;;0.0;D;2;2;0;1;21;500;1;; -1;1;0;1;80;B01;2;7;0;2;1;0;0;
202000025625;154 697 143;A01;1;1;1;1;1971.0;4;2;4;-1;-1; -1;-1;56494;3;10;2020;11:35;1;17;17306;2;1;3;6;KERIMEL DE KERVENO (ES.FM));45,6237800; -1,0267000;9;Front de Mer;0.0;;2;1;1;1;0;0;1;; -1;2;0;1;30;A01;1;80;0;1;1;1;3;
202100011184;181 738;C01;1;1;1;1;1987.0;0;1;0;-1;-1; -1;-1;240 700;25;10;2021;11:10;1;78;78126;1;1;1;5;A13;48,8357030000;2,1298370000;1;A13;0.0;;-1;4;0;1;10;199;1;; -1;1;0;1;110;C01;0;7;0;0;0;1;1;
202100010180;183 506;B01;3;2;1;1;2021.0;0;1;0;-1;-1; -1;-1;243 021;30;10;2021;00:05;5;93;93048;2;5;2;3;THEOPHILE SUEUR (BOULEVARD);48,8633400000;2,4665500000;3;THEOPHILE SUEUR (BOULEVARD);0.0;;1;2;0;1;1;0;1;; -1;2;5;1;50;B01;3;7;0;2;8;1;1;
201900029269;138 251 294;A01;1;1;4;1;2002.0;0;2;0;-1;-1; -1;-1;66198;11;11;2019;14:15;1;94;94081;2;9;1;3;MOULIN DE SAQUET (AV DU);48,7906145;2,3805341;3;148;0.0;;2;1;0;2;0;0;1;;;2;0;1;50;A01;1;99;0;2;5;17;1;
202200026717;766 400;A01;1;1;3;2;1957.0;5;1;-1;-1;0;0;-1;1 036 259;22;7;2022;14:20;1;13;13080;1;1;7;6;D15;43,6597530000;5,3995230000;3;15;0.0;;2;2;0;2;37;(1);3;; -1;1;0;3;80;A01;2;7;2;0;3;1;1;
202400039624;155 711 949;B01;1;1;4;2;2011.0;5;8;0;0;-1; -1;-1;203 894 748;28;2;2024;13:45;1;93;93005;2;1;1;3;Rue Jacques Chirac;48,92780505;2,48985708;4;;0.0;;1;1;0;1;0;0;1;; -1;1;9;1;50;B01;0;1;0;2;1;19;5;
202300031457;155 624 796;A01;1;1;4;1;1989.0;5;2;6;-1;0;0;-1;203 776 707;30;7;2023;16:45;1;83;83046;1;1;1;7;Route départementale 22;43,54327221;6,15818972;3;22;0.0;;2;2;0;1;11;600;1;;5,5;1;0;1;-1;A01;1;33;0;0;0;1;1;
202100048510;115 050;A01;10;3;3;2;1954.0;3;0;-1;-1;1;4;1;152 460;6;3;2021;14:10;1;95;95585;2;1;1;6;GARGES (ROUTE DE);48,9889172285;2,3779499531;4;GARGES (ROUTE DE);0.0;;2;2;0;1;(1);(1);1;; -1;1;0;1;50;A01;3;7;0;2;1;17;1;
202000045908;154 661 594;B01;1;1;4;2;1991.0;9;2;0;-1;-1; -1;-1;101190;20;9;2020;03:30;5;31;31555;2;1;1;1;BD GABRIEL KOENIGS;43,5913600;1,4190500;4;BD GABRIEL KOENIGS;0.0;;2;4;0;1;0;0;1;; -1;1;0;1;50;B01;0;2;0;2;1;1;1;
202300050316;155 591 296;A01;5;2;4;1;2004.0;0;1;0;-1;0;0;-1;203 731 521;3;12;2023;00:15;4;47;47031;1;1;5;7;RD 813 (nouvelle rocade);44,17382210;0,63440466;4;RD 813 (nouvelle rocade);0.0;;2;2;0;1;0;0;1;; -1;2;9;8;70;A01;3;7;8;0;1;19;2;
202200010170;795 891;A01;1;1;-1;-1;;-1;8;-1;-1;0;0;-1;1 075 715;30;6;2022;08:50;1;69;69387;2;3;1;3;Boulevard Yves Farge;45,7433300000;4,8342400000;4;YVES FARGES                         (BD);0.0;;2;3;2;1;(1);(1);1;; -1;1;0;1;30;A01;0;13;0;2;7;16;0;
202300019679;155 645 662;A01;2;2;1;1;2005.0;5;1;0;-1;-1; -1;-1;203 804 527;21;4;2023;19:30;1;07;07316;2;1;1;5;MONTGOLFIERS (AVENENUE DES FRERES);44,89791000;4,85185000;3;MONTGOLFIERS (AVENENUE DES FRERES);0.0;;2;2;0;1;57;327;1;;5,5;1;0;1;50;A01;1;7;0;2;1;1;1;
202100000240;201 294;B01;2;2;4;2;1995.0;5;2;6;-1;0;0;-1;266 965;20;11;2021;04:35;5;75;75109;2;2;1;3;BOULEVARD POISSONNIERE;48,8706880000;2,3479170000;4;BOULEVARD POISSONNIERE;0.0;;2;3;1;1;(1);(1);1;; -1;1;-1;6;30;B01;1;43;0;2;3;7;1;
202200024414;770 581;A01;1;1;2;1;1953.0;5;2;-1;-1;0;0;-1;1 041 811;18;5;2022;12:45;1;29;29169;1;1;1;7;Route de Landrevarzec;48,0996360000; -4,1040910000;4;4;-1.0;;2;2;0;2;(1);(1);1;; -1;1;0;1;80;A01;3;1;0;0;0;1;5;
202100046157;119 262;B01;1;1;1;2;1976.0;5;1;8;-1;-1; -1;-1;157 886;28;3;2021;19:00;1;92;92025;2;2;1;3;PRESIDENT SALVADOR ALLENDE (RUE DU);48,9190271678;2,2259733081;4;;0.0;;1;1;0;1;1;0;1;; -1;1;0;1;50;B01;1;7;0;2;3;19;1;
202400022237;155 742 662;B01;1;1;4;2;2004.0;1;1;0;-1;0;0;-1;203 936 003;5;9;2024;10:34;1;45;45232;2;1;2;3;D2020 PR 40 + 408;47,85270000;1,91194000;7;SOLOGNE (AVENUE DE);0.0;;3;4;0;1;35;0;1;; -1;2;0;1;90;B01;1;7;0;2;5;9;1;
202200024915;769 700;A01;1;1;1;1;1957.0;0;1;-1;-1;0;0;-1;1 040 607;16;12;2022;17:20;5;60;60341;2;1;1;3;Rue du Puits d'Othis;49,0859100000;2,7452730000;4;;0.0;;2;2;0;1;(1);(1);1;;4;1;0;1;30;A01;3;7;0;0;3;17;1;
202400004348;155 774 163;A01;1;1;3;1;1950.0;5;2;6;-1;0;0;-1;203 978 361;24;4;2024;15:30;1;37;37072;2;1;1;7;Rue du Grand Ballet;47,19389700;0,23273000;4;;0.0;;2;2;0;1; -1; -1;1;; -1;1;0;1;80;A01;2;2;0;0;9;0;1;
202200026949;765 978;A01;1;1;3;2;1979.0;0;1;-1;-1;0;0;-1;1 035 680;6;3;2022;16:45;1;63;63298;1;1;1;6;D41;45,7342850000;3,7356780000;3;41;-1.0;;2;2;0;2;14;(1);3;; -1;1;0;3;90;A01;0;10;2;0;1;1;1;
202400022521;155 742 169;A01;1;1;1;1;1994.0;5;1;0;-1;0;0;-1;203 935 346;21;5;2024;13:54;1;95;95127;2;1;2;6;N14;49,05544599;2,04691708;2;OSNY (BOULEVARD D');0.0;;1;1;0;2;20;2 404;3;;3,5;2;0;1;50;A01;1;7;0;1;1;26;1;
202300006353;155 669 271;A01;1;1;1;2;1966.0;5;1;0;-1;-1; -1;-1;203 836 193;7;7;2023;09:28;1;66;66136;2;3;1;3;;42,69116000;2,88189000;4;JULIEN PANCHOT (AVENUE);0.0;;2;2;0;1; -1; -1;1;; -1;1;0;1;50;A01;1;7;0;2;3;15;1;
202300054195;155 584 425;B01;1;1;1;2;1977.0;4;1;8;-1;-1; -1;-1;203 722 228;30;11;2023;14:15;1;13;13207;2;1;1;3;RIVE NEUVE (QUAI);43,29236000;5,36559000;4;RIVE NEUVE (QUAI);0.0;;1;3;0;1;0;0;3;; -1;1;0;1;50;B01;3;37;0;2;1;1;0;1.0
202300007239;155 667 704;B01;1;1;4;1;1973.0;1;2;0;-1;-1; -1;-1;203 834 102;10;10;2023;08:54;1;26;26362;2;2;1;3;CHABEUIL AVENUE DE (102);44,92732000;4,91495000;4;CHABEUIL AVENUE DE (102);0.0;;1;1;0;1; -1; -1;1;; -1;1;0;1;50;B01;3;32;0;2;1;1;1;
202300005722;155 670 417;A01;1;1;4;1;2003.0;0;1;-1;-1;0;0;-1;203 837 703;14;10;2023;07:00;3;38;38530;1;1;3;2;A43, PK 026.000;45,62520300;5,17567600;1;43;-1.0;A;3;3;0;1;26;0;1;;13,5;2;0;1;110;A01;1;7;4;2;1;17;1;
201900043054;138 225 180;B01;1;1;3;2;1957.0;1;2;-1;-1;0;0;-1;97133;28;8;2019;13:15;1;38;38229;2;3;1;3;Rue Dubois Aymé;45,2117700;5,7898800;4;Rue Dubois Aymé;;;2;2;1;1;(1);(1);1;;;1;6;5;50;B01;3;1;0;2;1;1;6;
202200008589;798 683;B01;1;1;1;1;1984.0;0;1;-1;-1;0;0;-1;1 079 411;8;2;2022;17:35;1;06;06069;1;1;1;2;Pénétrante;43,6354950000;6,9452320000;3;Pénétrante;0.0;;3;1;0;2;56;212;1;; -1;1;0;1;70;B01;0;7;0;9;6;23;1;
201900020358;138 268 358;A01;2;2;4;2;1982.0;5;1;0;-1;-1;0;-1;45959;13;3;2019;15:55;1;13;13211;1;1;1;4;A50-Sens Marseille vers Aubagne;43,2889030;5,4433610;1;50;0.0;;1;3;0;1;7;199;1;;;1;3;1;90;A01;1;7;0;2;4;2;1;
202300026936;155 632 848;A01;1;1;3;1;2004.0;1;1;-1;-1;0;0;-1;203 787 339;17;12;2023;19:10;3;25;25147;1;1;1;1;D67;47,22366500;5,91211700;3;67;0.0;;2;2;0;1;14;170;1;;7;1;0;1;90;A01;1;7;0;2;3;13;0;
202000026014;154 696 495;B01;1;1;4;1;1999.0;1;8;0;-1;-1; -1;-1;57330;16;12;2020;06:42;5;69;69387;2;2;1;3;JEAN JAURES                         (AV);45,7515940;4,8456600;4;JEAN JAURES                         (AV);0.0;;2;4;1;1;0;0;1;; -1;2;0;6;50;B01;1;1;0;2;8;1;5;
202200042015;739 160;A01;1;1;3;1;1992.0;4;1;-1;-1;0;0;-1;999 753;27;9;2022;15:00;1;51;51237;1;1;1;5;N4;48,7230470000;3,5590980000;2;4;-1.0;;2;2;0;2;7;500;1;; -1;2;0;1;80;A01;1;7;0;2;1;1;1;
202100052932;107 106;A01;1;1;1;1;1981.0;4;1;-1;-1;0;0;-1;142 217;1;2;2021;19:50;3;26;26169;1;1;2;2;Autoroute du Soleil;44,4864640000;4,7670580000;1;7;-1.0;;3;3;0;1;124;(1);1;; -1;2;0;1;130;A01;1;7;0;2;1;2;1;
202000041329;154 669 712;A01;1;1;1;1;1984.0;0;1;0;-1;0;0;-1;90942;25;7;2020;22:35;2;63;63113;2;9;1;2;PUY DE DOME (AVENUE DU);45,7879000;3,0578000;7;941;0.0;;2;2;0;2;(1);(1);1;; -1;1;0;1;50;A01;2;7;0;2;3;2;1;
202000042708;154 667 234;C01;2;2;1;2;1950.0;0;1;0;-1;-1; -1;-1;94054;26;7;2020;13:15;1;64;64024;2;3;1;-1;BARRE (PROMENADE DE LA);43,5082200; -1,5223400;4;;0.0;;2;2;0;1;0;0;1;; -1;1;0;1;50;C01;1;7;0;2;3;23;1;
201900056460;138 199 976;A01;1;1;1;2;1997.0;1;1;8;-1;0;0;-1;127622;14;2;2019;16:50;1;42;42186;2;1;7;6;MAI RUE DU PREMIER;45,5329400;4,6267600;4;MAI RUE DU PREMIER;0.0;;1;1;0;1;0;0;1;;;1;0;2;50;A01;2;7;0;1;2;1;1;
201900041699;138 227 803;A01;1;1;1;2;1950.0;5;1;-1;-1;0;0;-1;94057;6;12;2019;07:35;1;34;34270;1;1;1;6;D132e2;43,5881490;3,8252490;3;132;0.0;E;2;2;0;1;2;0;1;;;1;0;1;80;A01;1;10;0;2;6;15;1;
202200030125;760 267;A01;1;1;1;1;1992.0;4;2;0;-1;0;0;-1;1 028 194;3;10;2022;08:30;1;75;75112;2;1;2;6;RUE DE CHARENTON;48,8399260000;2,3884800000;4;RUE DE CHARENTON;0.0;;2;2;0;1;(1);(1);1;; -1;2;-1;6;30;A01;2;34;0;1;1;5;1;
202000047692;154 658 446;B01;1;1;1;1;1960.0;4;1;8;-1;-1; -1;-1;105172;22;7;2020;08:05;1;69;69276;1;1;1;5;BUS (RD301)   0.000 A 2.800;45,6868400;4,8696900;3;301;0.0;;1;2;0;1;0;100;1;; -1;1;0;1;90;B01;2;10;0;2;6;12;1;
202100034266;140 490;B01;1;1;4;1;1962.0;0;1;0;-1;-1; -1;-1;185 586;14;6;2021;08:10;1;41;41018;2;1;1;2;DUGAY-TROUIN (RUE)  N° IMPAIRS;47,5898000000;1,2984400000;3;DUGAY-TROUIN (RUE)  N° IMPAIRS;0.0;;2;2;0;1;0;850;1;; -1;1;0;1;50;B01;1;7;0;2;4;2;1;
202000022510;154 702 627;A01;5;2;1;2;2019.0;0;3;-1;-1;0;0;-1;49693;17;1;2020;19:30;3;05;05072;1;1;9;7;N85;44,6425340;6,0846600;2;85;0.0;N;2;2;0;2;25;300;2;; -1;7;0;3;80;A01;2;7;0;0;7;1;1;
202300036720;155 615 472;A01;10;3;4;2;1947.0;5;0;-1;-1;5;9;1;203 764 138;9;12;2023;17:23;2;87;87114;2;1;1;6;CLEMENCEAU (GEORGES-);45,82769000;1,28812000;4;CLEMENCEAU (GEORGES-);0.0;;2;1;0;2; -1; -1;4;; -1;1;0;1;-1;A01;3;7;0;1;1;26;1;
202300023228;155 639 402;B01;1;1;1;1;1968.0;0;1;0;-1;-1; -1;-1;203 796 053;1;7;2023;18:55;1;45;45302;2;1;1;3;Parking Carrefour;47,96089000;1,88723000;6;EDISON (RUE THOMAS);0.0;;-1; -1;0;1; -1; -1;1;; -1;1;0;1;30;B01;0;7;0;2;3;15;1;
201900031575;138 246 989;C01;1;1;4;1;1958.0;9;2;8;-1;-1; -1;-1;71442;24;1;2019;17:30;2;13;13088;1;1;1;4;A55-Sens Marseille vers Martigues;43,3915000;5,2697500;1;55;0.0;;-1;2;0;1;17;0;1;;;1;0;1;110;C01;1;34;13;2;8;1;1;
202400027072;155 734 051;A01;2;2;1;2;1999.0;0;1;0;-1;-1; -1;-1;203 924 669;6;3;2024;19:00;2;38;38185;2;1;1;6;RUE RAOUL BLANCHARD;45,19018000;5,72978000;4;RUE RAOUL BLANCHARD;0.0;;1;1;0;1; -1; -1;1;; -1;1;0;1;50;A01;2;7;0;1;8;1;1;
202200043705;736 143;A01;1;1;1;1;1971.0;1;1;0;-1;0;0;-1;995 642;12;1;2022;07:40;4;27;27375;2;1;1;6;CLEMENCEAU (BOULEVARD GEORGES);49,2100000000;1,1670900000;3;CLEMENCEAU (BOULEVARD GEORGES);0.0;;2;2;0;1;48;1150;1;; -1;1;6;1;50;A01;1;7;0;1;1;1;1;
202300035292;155 618 017;B01;1;1;4;1;1960.0;0;1;-1;-1;-1; -1;-1;203 767 488;15;6;2023;11:00;1;69;69388;2;2;1;3;Rue Professeur Beauvisage;45,72972000;4,86857000;4;COMMANDANT PEGOUT (DU)              (R );0.0;;1;1;0;1; -1; -1;1;; -1;1;0;6;50;B01;1;7;0;2;3;1;1;
202200053525;718 770;A01;1;1;1;1;1956.0;4;1;0;-1;-1; -1;-1;972 490;14;2;2022;19:10;5;94;94038;2;4;2;6;Rue Henri Thirard;48,7782900000;2,3420200000;4;HENRI THIRARD (R);0.0;;-1;2;0;1;0;0;1;; -1;2;0;1;50;A01;3;7;0;1;1;2;1;
202400015916;155 753 737;B01;1;1;1;1;1969.0;4;1;0;-1;-1; -1;-1;203 951 092;10;9;2024;11:30;1;77;77059;1;1;1;2;A104;48,84671400;2,66229600;1;A104;0.0;;3;3;0;2;26;800;1;; -1;1;0;1;80;B01;2;17;0;2;4;0;1;
202400051798;155 690 630;A01;1;1;4;1;1987.0;5;2;6;-1;0;0;-1;203 865 673;9;6;2024;13:45;1;95;95197;1;3;1;1;BOURGEOIS (RUE);48,97837441;2,32764065;4;BOURGEOIS (RUE);0.0;;2;2;0;1;0;0;2;; -1;1;9;8;30;A01;1;30;0;2;1;9;1;
202400038935;155 713 150;A01;1;1;1;1;1968.0;5;1;-1;-1;0;0;-1;203 896 453;14;1;2024;18:00;3;09;09282;1;1;2;3;D14;43,22771243;1,60368472;3;14;0.0;D;2;2;0;1;8;100;1;;7;2;5;1;80;A01;1;7;0;2;2;5;2;
202400026521;155 735 020;B01;1;1;1;2;1984.0;0;1;0;0;-1; -1;-1;203 925 908;7;10;2024;16:05;1;92;92025;2;3;2;3;GABRIEL PERI (RUE);48,91772105;2,23756847;3;GABRIEL PERI (RUE);0.0;;2;2;0;1;0;0;1;; -1;2;0;1;30;B01;1;7;0;2;3;16;1;
201900013018;138 282 237;B01;1;1;4;1;1988.0;5;2;6;-1;-1;0;-1;29462;16;12;2019;23:25;5;92;92050;2;1;1;3;LENINE VLADIMIR ILITCH AVENUE;48,8878946;2,1891441;3;991;0.0;;2;4;0;1;0;0;1;;;2;0;1;50;B01;2;32;0;2;2;1;1;
202100028820;150 205;A01;1;1;4;1;2001.0;5;1;8;-1;-1; -1;-1;198 600;14;7;2021;04:05;5;56;56121;2;6;1;6;LECLERC ( BD GENERAL );47,7500600000; -3,3663000000;4;LECLERC ( BD GENERAL );0.0;;2;2;0;1;(1);(1);3;; -1;1;0;1;30;A01;1;7;2;0;1;14;2;
202100033151;142 505;B01;1;1;4;2;1990.0;9;1;-1;-1;0;0;-1;188 234;14;6;2021;13:40;1;44;44026;1;3;1;3;route de paris;47,2689490000; -1,4815240000;7;723;-1.0;;3;4;0;1;(1);(1);1;; -1;1;0;1;70;B01;2;7;3;2;8;1;1;
202300022463;155 640 739;A01;1;1;1;1;1984.0;5;1;8;-1;-1; -1;-1;203 797 861;25;1;2023;17:15;2;82;82121;2;1;2;3;PARIS (route de);44,03442000;1,37658000;4;;0.0;;2;3;0;1; -1; -1;1;; -1;2;0;1;50;A01;1;7;0;2;1;15;1;
201900050356;138 211 457;B01;1;1;3;1;1974.0;0;2;-1;-1;0;0;-1;113737;22;8;2019;15:10;1;14;14514;2;3;1;3;rue Laplace;49,2842760;0,2039990;4;;;;2;2;0;1;(1);(1);1;;;1;0;1;50;B01;1;34;0;2;8;1;1;
202000012557;154 720 191;A01;1;1;1;1;1961.0;0;1;0;-1;-1; -1;-1;27713;12;5;2020;18:30;1;93;93006;2;1;1;6;AV RASPAIL;48,8741000;2,4322000;3;RASPAIL AVENUE;0.0;;2;2;0;1;0;1;1;; -1;1;0;1;50;A01;1;7;0;1;1;1;1;
201900017600;138 273 516;A01;1;1;1;1;1973.0;4;1;-1;-1;0;0;-1;39683;25;4;2019;04:40;3;971;97103;1;9;1;6;route nationale 1;16,2545480; -61,5560360;2;1;;;3;4;0;1;(1);(1);1;;;1;0;1;90;A01;3;17;0;1;3;12;0;
201900010147;138 287 572;A01;1;1;4;1;1982.0;5;1;-1;-1;0;0;-1;22944;17;10;2019;22:10;4;36;36128;1;1;2;5;Route Nationale 151 PK60+500;46,8502580;1,7594930;2;151;;;2;2;0;1;60;500;1;;;2;0;1;80;A01;1;7;0;2;1;23;1;
202300007653;155 667 009;B01;2;2;1;2;1987.0;0;1;0;-1;-1; -1;-1;203 833 158;21;10;2023;18:26;2;45;45234;2;3;3;3;Pont René Thinat;47,90037495;1,91987953;4;Boulevard de la Motte Sanguin;0.0;;1;1;0;1; -1; -1;1;; -1;2;0;1;50;B01;2;7;0;0;0;1;1;
202000007196;154 729 603;C01;1;1;1;2;1996.0;0;8;0;-1;-1; -1;-1;15786;15;9;2020;18:00;1;13;13205;2;1;1;4;BAILLE (BOULEVARD);43,2886238;5,3938883;7;BAILLE (BOULEVARD);0.0;;2;3;1;1;(1);(1);1;; -1;1;0;1;50;C01;1;7;0;2;3;23;1;
201900042323;138 226 556;A01;1;1;1;1;1977.0;1;1;0;-1;-1; -1;-1;95434;31;10;2019;12:30;1;59;59526;1;9;1;3;ROCADE NORD(A PARTIR RUE BASSE);50,4369800;3,4403800;6;ROCADE NORD(A PARTIR RUE BASSE);0.0;;-1;-1;0;1;0;0;1;;;1;9;8;50;A01;3;7;0;2;2;9;0;
202200010960;794 466;B01;1;1;1;2;1971.0;0;1;-1;-1;0;0;-1;1 073 839;15;3;2022;11:55;1;80;80021;2;1;1;4;ROUEN (RUE DE);49,8887800000;2,2875500000;4;10;0.0;;2;2;0;1;(1);(1);1;; -1;1;0;1;50;B01;0;7;0;2;4;1;1;
202000026972;154 694 807;B01;1;1;4;2;1995.0;5;1;-1;-1;0;0;-1;59472;6;8;2020;19:30;1;68;68185;2;3;1;4;Grand Breuil;48,2690507;7,2912253;2;59;0.0;;2;2;0;1;14;910;1;; -1;1;0;1;50;B01;1;7;0;2;4;2;1;
202300007961;155 666 462;A01;2;2;1;1;2001.0;5;1;0;-1;-1; -1;-1;203 832 426;1;5;2023;02:00;5;92;92014;2;3;1;1;GALOIS (AVENUE);48,77678171;2,31919080;3;FONTAINE GRELOT (RUE);0.0;;1;0;0;1;0;0;1;; -1;1;0;1;50;A01;1;7;9;2;1;21;0;
202000021493;154 704 386;A01;2;2;3;1;1988.0;5;1;-1;-1;0;0;-1;47545;7;8;2020;21:15;3;988;98817;1;1;1;7;RP 3 Route de Yaté; -22,1993260;166,7064570;3;3;0.0;S;2;2;0;2;14;920;1;; -1;1;0;3;70;A01;1;10;16;0;2;14;1;
202400028781;155 731 097;A01;9;2;4;2;2008.0;5;1;-1;-1;0;0;-1;203 920 736;25;6;2024;13:10;1;55;55117;1;1;1;6;Autoroute A4;49,09436893;5,08712533;1;4;-1.0;;3;4;0;1;228;960;1;; -1;1;0;1;130;A01;2;7;3;0;3;1;1;
202200041980;739 221;A01;1;1;4;1;1987.0;9;2;0;-1;0;0;-1;999 836;26;9;2022;07:55;1;92;92077;2;3;1;3;MARNES (RUE DE);48,8276500000;2,1844500000;3;407;0.0;;2;2;0;1;0;0;1;; -1;1;0;1;50;A01;1;31;0;2;2;17;1;
201900039636;138 231 592;C01;4;2;4;2;2006.0;0;1;0;-1;0;0;-1;89446;3;4;2019;23:26;5;75;75116;2;1;1;4;PORTE DAUPHINE;48,8690670;2,2708500;4;BD PERIPHERIQUE INTERIEUR;0.0;;1;4;0;1;15;0;1;;;1;1;1;70;C01;1;7;0;2;4;23;1;
202100008842;185 936;A01;2;2;1;1;1984.0;5;2;0;-1;0;0;-1;246 354;8;11;2021;12:35;1;75;75118;2;2;1;3;RUE RAMEY;48,8907600000;2,3454100000;4;RUE RAMEY;0.0;;1;1;0;3;(1);(1);2;; -1;1;5;1;30;A01;1;30;0;2;1;15;1;
202200041531;739 993;A01;1;1;1;2;1966.0;5;1;-1;-1;0;0;-1;1 000 881;14;5;2022;18:30;5;987;98753;2;1;1;3;Face TUBUAI Center; -23,3448660000; -149,4802330000;2;301;-1.0;;2;2;0;1;0;800;1;; -1;1;0;1;30;A01;2;7;0;2;3;15;1;
202400020406;155 745 845;B01;1;1;4;1;2018.0;5;2;0;-1;-1; -1;-1;203 940 323;26;5;2024;17:20;1;88;88160;2;1;1;3;GRAVEURS (RUE DES);48,15895000;6,44873000;4;GRAVEURS (RUE DES);0.0;;2;2;0;1; -1; -1;1;; -1;1;0;1;50;B01;3;1;0;2;0;0;5;
202400042692;155 706 574;A01;1;1;1;1;1965.0;0;2;6;-1;-1; -1;-1;203 887 240;1;11;2024;16:15;1;64;64122;2;1;1;7;GEORGES CLEMENCEAU (PLACE);43,48228000; -1,56162000;4;GEORGES CLEMENCEAU (PLACE);0.0;;1;1;0;1; -1; -1;1;; -1;1;0;1;30;A01;1;33;0;0;0;4;1;
201900032452;138 245 300;B01;8;2;4;2;1951.0;5;8;0;-1;0;0;-1;73390;10;4;2019;17:50;1;75;75110;2;2;8;2;AVENUE CLAUDE VELLEFAUX;48,8752290;2,3703210;4;AVENUE CLAUDE VELLEFAUX;0.0;;2;2;0;1;0;0;1;;;1;0;1;50;B01;1;37;0;2;6;23;2;3.0
202100040179;129 780;A01;1;1;4;2;1997.0;5;8;0;-1;-1; -1;-1;171 545;11;5;2021;19:15;1;49;49015;2;1;1;7;PLESSE LIEU DIT LA;47,4949700000; -0,6189700000;4;PLESSE LIEU DIT LA;0.0;;-1;2;0;1;(1);0;1;; -1;1;0;1;50;A01;1;7;0;4;1;26;1;
202400023586;155 740 207;A01;1;1;1;1;1931.0;5;1;-1;-1;-1; -1;-1;203 932 803;13;4;2024;15:25;1;70;70388;1;3;1;3;RD457;47,61051300;6,13257700;3;;-1.0;;1; -1;-1;1;0;630;3;; -1;1;3;1;-1;A01;2;7;0;2;6;26;1;
202000011792;154 721 506;A01;1;1;1;1;1988.0;1;1;0;-1;0;0;-1;25993;9;10;2020;07:45;4;54;54323;2;1;2;6;rd918;49,5237090;5,7643910;3;918;0.0;;2;2;0;1;0;465;1;; -1;2;0;1;30;A01;1;7;0;1;1;1;1;
201900058331;138 196 558;A01;1;1;1;1;1980.0;1;1;0;-1;-1;0;-1;131867;16;8;2019;08:35;1;69;69152;2;1;1;3;EUROPE (DE L')                      (BD);45,6994300;4,8235000;4;EUROPE (DE L')                      (BD);0.0;;3;2;0;1;0;0;1;;;1;0;1;50;A01;1;7;0;2;3;6;1;
202300030608;155 626 275;A01;1;1;4;1;2005.0;1;2;6;-1;-1; -1;-1;203 778 653;8;9;2023;12:40;1;93;93073;2;3;1;3;Avenue du Parc / Avenue Ernest Renan;48,95335000;2,57366000;4;PARC (AVENUE DU);0.0;;2;2;0;1;0;0;1;; -1;1;0;1;50;A01;3;32;0;2;1;17;1;
202100052145;108 503;A01;1;1;1;1;1987.0;1;2;6;-1;0;0;-1;144 012;8;2;2021;10:55;1;75;75110;2;2;2;6;AVENUE CLAUDE VELLEFAUX;48,8752220000;2,3703130000;4;AVENUE CLAUDE VELLEFAUX;0.0;;2;2;0;1;(1);(1);1;; -1;2;0;1;30;A01;2;32;0;1;7;1;1;
202100006340;190 459;A01;1;1;3;1;2003.0;9;2;6;-1;0;0;-1;252 240;26;11;2021;09:40;1;36;36016;1;1;1;3;2 Route des Brandes.;46,5409010000;1,1458610000;4;;-1.0;;2;2;0;1;(1);(1);3;; -1;2;0;1;80;A01;3;31;0;2;1;1;1;
202200009657;796 777;A01;1;1;1;1;1994.0;0;1;8;-1;-1; -1;-1;1 076 907;22;4;2022;16:00;1;67;67447;2;3;1;3;BISCHWILLER (ROUTE DE);48,5994400000;7,7427700000;7;468;0.0;;2;2;1;1;(1);(1);1;; -1;1;0;1;30;A01;1;7;0;2;3;15;1;
202200020671;777 216;A01;2;2;3;2;1985.0;5;8;-1;-1;0;0;-1;1 050 809;27;7;2022;17:50;1;28;28139;1;1;1;7;A11 au Pk 077+500;48,3156820000;1,3258270000;1;11;-1.0;;2;3;0;1;78;700;1;;13,5;1;0;3;130;A01;1;7;13;0;1;0;1;
202100006349;190 447;A01;1;1;1;2;1980.0;0;1;-1;-1;0;0;-1;252 223;24;11;2021;17:40;5;91;91115;2;1;1;6;Route d Arpajon;48,5943310000;2,1946440000;3;152;-1.0;;2;2;0;1;(1);(1);1;; -1;2;0;1;50;A01;1;7;0;1;1;19;1;
202300014897;155 654 162;A01;1;1;1;1;2002.0;5;2;6;-1;-1; -1;-1;203 815 742;28;5;2023;19:50;1;60;60057;2;1;7;6;Avenue du 8 Mai 1945;49,43915000;2,10023000;4;8 MAI 1945 (AVENUE DU);0.0;;-1;0;0;1; -1; -1;1;; -1;1;6;4;-1;A01;1;31;0;1;1;25;1;
202400019410;155 747 622;D01;2;2;4;1;1994.0;0;1;8;-1;-1; -1;-1;203 942 777;16;11;2024;18:35;2;56;56098;2;3;1;4;Rue Jean Jaurès;47,76528000; -3,35851000;3;JAURES (RUE  JEAN );0.0;;2;2;0;1;103;1;1;;5,5;1;0;1;50;D01;2;7;0;2;4;23;1;
202300029367;155 628 479;A01;2;2;4;1;2000.0;0;1;4;-1;-1; -1;-1;203 781 629;1;8;2023;18:10;1;93;93078;1;1;8;6;AUTOROUTE A104;48,96315000;2,52240000;1;AUTOROUTE A104;0.0;;3;3;0;1;3;0;1;;13,5;2;0;1;90;A01;2;7;4;2;1;1;1;
202400021864;155 743 320;E01;3;2;1;2;2011.0;5;1;-1;-1;0;0;-1;203 936 873;27;1;2024;19:40;3;25;25036;1;1;1;5;N83;47,18999000;5,96639200;2;83;0.0;;2;2;0;2;24;260;4;;7;1;0;1;70;E01;1;7;0;2;3;1;3;
202400007559;155 768 536;B01;1;1;1;1;1991.0;0;1;0;-1;-1; -1;-1;203 970 823;18;3;2024;18:45;1;94;94078;2;3;1;5;Place Pierre Semard / Rue de Verdun;48,73059000;2,44685000;2;6;0.0;;2;4;0;1;18;250;1;;3,5;1;0;1;50;B01;2;7;0;2;7;0;1;
201900057101;138 198 788;A01;2;2;4;2;1992.0;0;1;0;-1;-1; -1;-1;129018;6;7;2019;19:00;1;33;33529;1;1;1;4;RD1250 (BONNEVAL - LA HUME) - Z.A.;44,6181400; -1,1218300;2;250;0.0;;2;2;0;1;40;500;1;;;1;8;1;80;A01;1;7;0;2;1;1;1;
202300047786;155 595 768;B01;1;1;1;1;1986.0;0;1;0;-1;-1; -1;-1;203 737 593;4;12;2023;08:30;1;13;13005;1;1;1;2;A50-Sens Marseille vers Aubagne;43,28846167;5,54926168;1;A50-Sens Marseille vers Aubagne;0.0;;3;2;0;1;13;199;1;; -1;1;0;1;90;B01;1;7;0;2;1;2;1;
202300004658;155 672 298;B01;1;1;4;2;1984.0;5;1;-1;-1;-1; -1;-1;203 840 168;13;7;2023;15:30;1;69;69266;1;9;1;4;Boulevard Périphérique Laurent Bonnevay;45,78220000;4,89310000;7;RD383   3.750 A 7.640;0.0;;3;6;0;1;3;750;3;;6;1;0;1;50;B01;2;7;0;2;4;23;1;
202000038874;154 674 041;A01;1;1;1;1;1983.0;5;1;-1;-1;0;0;-1;85514;1;1;2020;22:30;3;988;98815;2;3;1;6;C.R.2; -21,5751720;168,0851360;4;2;-1.0;;2;2;0;1;(1);(1);1;; -1;1;0;1;50;A01;3;7;0;1;2;1;1;
202000014993;154 715 955;E01;1;1;1;1;1985.0;0;1;-1;-1;-1; -1;-1;33072;29;2;2020;17:05;1;33;33213;1;1;1;5;AUTOROUTE A 62;44,6847300; -0,4906500;1;62;0.0;;3;4;0;1;11;100;1;; -1;1;0;1;130;E01;2;7;0;2;7;1;1;
201900026404;138 256 599;A01;1;1;1;2;1953.0;5;1;0;-1;0;0;-1;59792;6;9;2019;10:20;1;75;75113;2;4;1;2;RUE DE TOLBIAC;48,8257100;2,3484600;4;RUE DE TOLBIAC;0.0;;2;3;0;1;0;0;1;;;1;0;1;50;A01;1;7;0;2;1;2;6;
202000026646;154 695 371;A01;4;2;1;1;2000.0;9;1;8;-1;0;0;-1;58750;18;2;2020;14:00;1;75;75112;2;2;1;6;QUAI DE BERCY;48,8335240;2,3821210;4;;0.0;;-1;4;0;1;0;0;1;;12;1;0;1;50;A01;3;7;0;1;1;15;1;
202400002538;155 777 327;B01;2;2;4;2;1988.0;0;2;-1;-1;0;0;-1;203 982 568;29;11;2024;12:40;1;30;30212;2;3;1;3;D6101;43,94163000;4,57285000;3;0;2.0;;1;2;0;1;0;0;1;;7;1;0;1;50;B01;2;33;0;0;1;17;1;
202300014339;155 655 151;B01;7;2;1;1;2005.0;5;1;-1;-1;0;0;-1;203 817 045;2;6;2023;19:00;1;76;76046;1;2;1;2;RD13;49,44001700;1,29445600;3;13;-1.0;;2;2;0;1;32;544;1;;5,5;1;0;1;80;B01;2;7;0;0;3;15;1;
202400033234;155 723 217;B01;1;1;4;1;1973.0;4;2;6;0;-1; -1;-1;203 909 865;9;4;2024;13:00;1;92;92051;2;9;1;3;GEORGES SEURAT (BOULEVARD);48,89432555;2,26723945;4;GEORGES SEURAT (BOULEVARD);0.0;;1;0;0;1;0;0;1;; -1;1;0;1;50;B01;0;2;0;0;0;0;4;
202000045858;154 661 687;A01;1;1;1;1;1939.0;9;1;0;-1;-1; -1;-1;101074;21;9;2020;19:30;2;91;91687;2;9;1;1;OCTAVE LONGUET (RUE);48,6683600;2,3804300;9;OCTAVE LONGUET (RUE);0.0;;2;2;0;1;0;0;1;; -1;1;9;8;50;A01;3;7;0;2;2;1;0;
202100019306;167 121;A01;1;1;1;2;1967.0;0;1;0;-1;-1; -1;-1;221 684;13;9;2021;08:40;1;92;92051;1;1;1;3;N13;48,8826932526;2,2667435188;2;13;0.0;;3;4;0;1;7;500;1;; -1;1;0;1;70;A01;2;7;0;2;7;12;1;
202300017491;155 649 570;A01;1;1;1;2;1991.0;0;8;0;-1;-1; -1;-1;203 809 594;16;10;2023;19:47;2;93;93001;2;2;1;6;Avenue de la République / Rue Guyard Delalain;48,91126000;2,38467600;3;;-1.0;;1;1;0;1; -1; -1;1;; -1;1;0;1;-1;A01;1;10;0;2;8;22;0;
202200012988;790 895;B01;1;1;3;1;1979.0;1;0;-1;-1;0;0;-1;1 069 031;23;12;2022;13:30;1;95;95197;2;1;2;3;Rue de la Gare;48,9753346085;2,3353081942;3;GARE (RUE DE LA);0.0;;2;2;0;1;11;100;1;; -1;2;0;1;50;B01;1;50;0;2;1;17;3;
202100021041;164 048;B01;1;1;1;1;1992.0;4;1;0;-1;0;0;-1;217 615;3;9;2021;14:00;1;54;54395;2;1;1;3;MOLITOR (RUE);48,6859980951;6,1974511296;4;MOLITOR (RUE);0.0;;1;2;2;3;(1);(1);1;; -1;1;-1;1;50;B01;1;37;0;9;7;26;1;1.0
202400051187;155 691 675;A01;5;2;1;1;1990.0;4;1;0;-1;-1; -1;-1;203 867 067;15;2;2024;19:30;5;94;94073;2;2;1;3;Avenue de Versailles / rue simone veil;48,75831000;2,39290000;3;86;0.0;;3;4;3;2;0;0;1;;0;1;5;1;50;A01;2;10;0;2;1;26;1;
202000010885;154 723 131;A01;1;1;1;1;1992.0;0;1;0;-1;-1; -1;-1;23929;29;2;2020;16:25;1;93;93008;2;9;2;6;MARX (AVENUE KARL);48,9052511;2,4424135;4;;0.0;;2;2;0;1;0;0;1;; -1;2;0;1;50;A01;1;10;0;1;1;1;1;
202400002409;155 777 542;B01;1;1;4;1;2009.0;0;0;0;0;3;3;1;203 982 873;29;11;2024;08:00;1;93;93029;2;1;1;3;CASTELNAU (AVENUE);48,92909002;2,45826211;4;CASTELNAU (AVENUE);0.0;;2;3;0;1;0;0;1;; -1;1;9;1;50;B01;3;50;0;2;7;19;3;
202000005308;154 732 911;A01;1;1;3;1;1992.0;9;2;6;-1;0;0;-1;11656;15;8;2020;03:25;5;40;40065;2;1;1;6;Quai du Bourret;43,6539860; -1,4348420;4;;0.0;;2;2;0;2;(1);(1);1;; -1;1;0;3;50;A01;3;33;8;0;1;14;1;
202300001814;155 677 346;A01;2;2;4;1;2006.0;0;1;0;-1;-1; -1;-1;203 846 880;24;10;2023;15:00;1;30;30011;1;1;1;6;R.N. 100;43,95791000;4,74931000;2;R.N. 100;0.0;;3;4;0;1;16;0;1;; -1;1;0;2;90;A01;1;3;1;0;1;14;1;
202200006179;802 998;B01;1;1;4;1;2001.0;1;2;0;-1;0;0;-1;1 085 080;14;9;2022;07:50;1;93;93064;2;1;8;3;Avenue du Général de Gaulle;48,8793836326;2,4781861217;3;DE GAULLE (AV DU GENERAL) 58/49 - FIN;0.0;;2;3;1;1;1;1;1;; -1;1;5;1;50;B01;0;33;0;2;8;18;1;
202400042572;155 706 791;B01;1;1;1;1;1979.0;5;1;-1;-1;0;0;-1;203 887 561;3;11;2024;13:30;1;88;88196;1;1;1;1;D486;48,06476200;6,86079800;3;486;-1.0;;2;2;0;2;34;440;2;;5,5;2;0;1;80;B01;2;10;0;2;3;1;1;
202200009733;796 639;A01;1;1;3;1;1980.0;1;1;-1;-1;0;0;-1;1 076 714;18;3;2022;22:10;4;13;13025;2;3;1;3;D7n;43,4899612516;5,5872588937;3;7;0.0;N;2;2;0;1;76;350;1;; -1;1;0;1;80;A01;0;7;0;0;8;19;1;
202100053855;105 480;B01;2;2;1;1;1996.0;9;1;0;-1;0;0;-1;140 068;23;1;2021;20:30;5;75;75117;2;5;8;3;AVENUE DE LA PORTE D ASNIERES;48,8922730000;2,3010110000;4;AVENUE DE LA PORTE D ASNIERES;0.0;;2;2;0;1;(1);(1);1;; -1;2;0;1;50;B01;1;7;0;2;2;15;1;
202100005759;191 503;B01;1;1;4;1;1956.0;5;1;0;-1;-1; -1;-1;253 639;27;11;2021;15:10;1;30;30007;2;1;1;1;LAURIERS (MONTEE DES);44,1333300000;4,0696800000;3;;0.0;;2;2;0;1;1;320;3;; -1;1;0;1;50;B01;2;7;0;2;3;1;1;
202200007318;800 956;B01;1;1;1;1;1995.0;5;1;0;-1;-1; -1;-1;1 082 377;2;6;2022;15:15;1;13;13106;1;1;1;5;A7 sens Lyon-Marseille;43,3900344691;5,3509675797;1;A507 sens Marseille - Aubagne;0.0;;1;3;0;1;1;480;1;; -1;1;1;1;70;B01;1;7;0;2;6;1;1;
202300037864;155 613 448;A01;1;1;3;1;1959.0;5;2;6;9;0;0;-1;203 761 406;18;5;2023;14:35;1;48;48166;1;1;1;6;D983;44,26039700;3,62752900;3;983;0.0;D;2;2;0;2;6;50;2;;6;1;0;1;90;A01;2;33;16;0;2;1;1;
202400027273;155 733 689;B01;1;1;1;2;1996.0;1;1;0;-1;-1; -1;-1;203 924 197;5;3;2024;16:27;1;973;97302;2;3;1;3;LIBERTE (AVENUE DE LA);4,93693240; -52,32595235;3;LIBERTE (AVENUE DE LA);0.0;;1;1;0;1;0;350;1;; -1;1;0;1;50;B01;1;7;0;2;7;1;1;
202400005976;155 771 245;A01;1;1;3;1;1995.0;5;2;6;-1;0;0;-1;203 974 477;28;4;2024;16:30;1;25;25240;1;1;3;6;D461;47,04898100;6,64212000;3;461;0.0;D;2;2;0;1;56;275;1;;5,5;2;0;3;90;A01;1;33;3;0;1;2;1;
202200026581;766 638;A01;1;1;1;2;2000.0;0;1;0;-1;0;0;-1;1 036 578;14;12;2022;19:40;5;93;93005;2;2;1;1;Rue Paul Cézanne / Chemin de Roissy En France;48,9524500000;2,4905700000;3;PAUL CEZANNE (RUE);0.0;;1;2;0;1;0;1;1;; -1;1;0;1;50;A01;0;7;0;2;1;15;1;
202400038011;155 714 772;B01;1;1;1;1;2001.0;5;1;0;-1;-1; -1;-1;203 898 558;26;8;2024;18:13;1;64;64102;2;3;1;3;URSUYA (AVENUE DE L');43,47858000; -1,49554000;4;SERAPHIN HAULON (RUE DE);0.0;;2;2;0;2; -1; -1;1;; -1;1;0;1;30;B01;2;10;0;2;7;16;1;
201900002678;138 301 509;A01;1;1;1;1;1994.0;1;1;0;-1;-1; -1;-1;5936;9;7;2019;17:50;1;35;35238;2;2;1;6;JANVIER (AVENUE JEAN);48,1097800; -1,6740500;4;JANVIER (AVENUE JEAN);0.0;;3;4;1;1;0;0;1;;;1;0;1;50;A01;1;7;0;1;1;1;1;
202200016809;784 130;A01;1;1;4;1;1965.0;5;2;-1;-1;-1; -1;-1;1 059 977;3;2;2022;13:52;1;29;29039;2;8;8;7;Quai Carnot;47,8749400000; -3,9168900000;4;CARNOT ( QUAI);0.0;;1;1;0;1;(1);(1);1;; -1;2;4;1;30;A01;1;1;0;0;8;1;5;
202400034995;155 720 116;A01;1;1;4;1;1996.0;4;2;6;0;-1; -1;-1;203 905 678;13;12;2024;16:45;1;93;93066;1;1;1;2;AUTOROUTE A1;48,90515615;2,35842786;1;1;0.0;;3;4;0;2;0;300;1;;17;1;0;1;90;A01;2;33;0;2;1;3;1;
202000000233;154 741 853;B01;1;1;1;1;1989.0;5;1;5;-1;0;0;-1;515;20;9;2020;20:10;3;57;57529;1;1;1;1;D15;49,4404290;6,0305610;3;15;0.0;;2;2;0;2;11;100;1;; -1;1;0;1;80;B01;1;7;0;2;1;1;1;
201900054534;138 203 548;A01;1;1;3;1;1959.0;4;1;-1;-1;0;0;-1;123145;27;5;2019;13:35;1;8;08182;1;1;1;1;CD 978 PK 8+100;49,7247800;4,2706240;3;978;;;2;2;0;1;8;100;1;;;1;0;1;80;A01;2;14;0;2;1;1;1;
201900025349;138 258 655;A01;2;2;1;2;1977.0;5;1;-1;-1;0;0;-1;57394;11;3;2019;18:35;1;85;85047;2;6;1;3;Rue Pauline de Lézardière;46,8432900; -1,8814200;4;Rue Pauline de Lézardière;0.0;;2;2;0;1;(1);(1);1;;;1;9;1;50;A01;0;7;0;2;3;1;1;
202200041500;740 040;A01;1;1;4;1;1999.0;5;0;-1;-1;0;0;-1;1 000 952;14;5;2022;14:40;1;81;81307;1;1;1;6;D612;43,5703060000;2,2942600000;3;612;0.0;;2;2;0;1;36;32;1;; -1;1;0;3;80;A01;2;7;2;0;2;1;1;
202100046529;118 615;A01;10;3;4;2;1980.0;0;0;-1;-1;3;3;1;157 042;25;3;2021;15:20;1;37;37261;2;1;7;6;Daniel Mayer;47,4187000000;0,6920000000;4;Daniel Mayer;0.0;;2;2;2;1;(1);(1);3;; -1;1;0;8;50;A01;3;7;0;1;2;16;1;
201900038033;138 234 527;B01;1;1;1;1;1974.0;5;1;0;-1;0;0;-1;85928;12;12;2019;16:15;1;74;74118;2;1;1;4;DE GAULLE (RUE CHARLES);46,1656500;6,1877000;3;1206;0.0;;2;2;0;1;26;600;1;;;1;0;1;50;B01;2;7;0;2;4;2;1;
202000041345;154 669 684;B01;1;1;1;1;1955.0;5;8;-1;-1;-1; -1;-1;90977;5;7;2020;18:50;1;33;33063;2;3;1;3;AVE DE MERIGNAC / RUE MAC CARTHY;44,8385900; -0,6210400;4;AVE DE MERIGNAC CAUD;0.0;;2;2;0;1;(1);(1);1;; -1;1;5;1;50;B01;2;7;0;2;3;15;1;
202100001779;198 610;A01;10;3;3;2;1948.0;3;0;-1;-1;2;3;1;263 163;23;12;2021;10:55;1;46;46128;2;1;1;6;Place de la République;44,7797940000;1,7255460000;3;14;0.0;D;2;2;0;1;(1);(1);3;; -1;1;0;1;50;A01;3;7;0;1;2;2;1;
202100042627;125 429;A01;1;1;1;1;1982.0;1;1;-1;-1;0;0;-1;165 896;24;4;2021;16:40;1;974;97414;2;9;8;3;Bel Air; -21,2927330000;55,4089560000;4;;-1.0;;2;2;0;2;(1);(1);2;; -1;1;5;1;50;A01;3;7;0;2;8;10;1;
202300020026;155 645 051;A01;1;1;4;1;1974.0;9;1;0;-1;-1; -1;-1;203 803 718;15;11;2023;20:18;5;94;94055;2;3;1;1;Avenue Olivier d'Ormesson;48,78087000;2,52083000;3;111;0.0;;-1;2;0;2;0;0;1;;5;1;0;1;50;A01;1;10;0;2;1;1;1;
202400052180;155 689 960;A01;1;1;3;1;1967.0;5;2;6;-1;0;0;-1;203 864 767;21;9;2024;19:25;2;05;05009;1;1;1;7;RN 85 - PR 0 + 250;44,80559000;5,95570600;2;85;-1.0;;2;2;0;2;0;250;2;;7;1;0;3;80;A01;2;33;15;0;1;1;1;
202400013531;155 757 943;B01;1;1;2;1;1985.0;0;8;0;-1;-1; -1;-1;203 956 740;2;7;2024;14:10;1;33;33318;2;1;1;1;;44,80154000; -0,61680000;4;AVE DU DOCTEUR ALBERT SCHWEITZER;0.0;;2;2;2;1; -1; -1;1;; -1;1;-1;5;50;B01;2;1;0;2;1;1;5;
202000010312;154 724 113;A01;1;1;4;1;1973.0;5;8;-1;-1;0;0;-1;22748;30;12;2020;18:15;3;03;03311;1;1;1;2;A71;46,1549141;3,1206536;1;A71;-1.0;;2;2;0;1;344;285;1;; -1;1;0;1;130;A01;1;7;5;0;1;1;1;
202100000938;200 073;A01;1;1;1;1;2002.0;9;1;-1;-1;0;0;-1;265 260;30;12;2021;16:20;1;84;84139;2;1;1;1;D24;43,9187930000;5,1166460000;3;24;-1.0;;2;2;0;2;(1);(1);3;; -1;8;0;1;50;A01;0;7;0;2;1;1;1;
202100052367;108 107;A01;1;1;4;2;1998.0;0;1;0;-1;-1; -1;-1;143 490;6;2;2021;13:10;1;93;93053;1;1;2;6;AUTOROUTE A103;48,8882500000;2,4722200000;1;AUTOROUTE A103;0.0;;3;4;0;4;0;899;2;; -1;2;0;1;70;A01;1;7;4;0;1;1;1;
201900050849;138 210 547;A01;1;1;4;1;1992.0;5;1;-1;-1;0;0;-1;114866;25;5;2019;21:00;2;34;34094;1;1;1;6;RD15;43,4326600;3,2561030;3;15;0.0;;2;2;0;3;8;500;2;;;1;0;1;80;A01;1;7;2;0;1;17;1;
201900006595;138 294 089;B01;1;1;1;1;1965.0;5;1;0;-1;-1;0;-1;14893;20;10;2019;13:00;1;972;97213;1;1;1;3;DEPARTEMENTALE 28;14,6255300; -60,9728700;3;28;0.0;;2;2;0;1;0;699;1;;;1;0;1;70;B01;1;7;0;2;3;15;1;
202000010876;154 723 144;A01;1;1;1;1;1954.0;0;1;0;-1;-1; -1;-1;23909;24;2;2020;21:40;5;93;93079;2;1;1;3;SAINT LEU (ROUTE);48,9519377;2,3383769;3;928;0.0;;2;4;1;1;0;1;1;; -1;1;0;1;50;A01;1;10;0;2;3;15;1;
202100017356;170 618;C01;1;1;1;1;2000.0;5;1;0;-1;-1; -1;-1;226 208;22;9;2021;17:34;1;62;62907;1;1;1;4;AUTOROUTE A1;50,4961750000;3,0005190000;1;AUTOROUTE A1;0.0;;-1;6;0;1;194;399;1;; -1;1;0;1;130;C01;1;7;0;2;1;2;1;
202000029837;154 689 814;B01;2;2;1;1;1997.0;0;1;0;-1;-1; -1;-1;65593;14;12;2020;08:25;1;76;76351;2;1;1;2;LENINGRAD (BD DE);49,5003500;0,1773400;3;6015;0.0;;3;5;0;1;95;950;1;; -1;2;0;1;50;B01;2;10;0;2;0;0;1;
202200014028;789 093;A01;2;2;4;2;1986.0;5;1;0;-1;0;0;-1;1 066 632;24;4;2022;17:25;2;974;97411;2;1;1;6;BONNIER (ALLEE); -20,8809600000;55,4598500000;4;BONNIER (ALLEE);0.0;;2;2;0;1;0;0;1;; -1;1;0;4;50;A01;2;7;6;0;2;1;1;
202400049105;155 695 285;B01;1;1;1;1;1993.0;4;4;1;-1;0;0;-1;203 872 024;29;3;2024;15:50;1;38;38254;1;1;6;5;d529;44,98963800;5,69878200;3;529;0.0;D;2;2;0;2;12;500;3;;5,5;1;0;1;80;B01;1;21;0;0;6;1;1;
202400009282;155 765 451;B01;1;1;1;1;1998.0;9;1;8;-1;-1; -1;-1;203 966 661;17;10;2024;18:31;3;974;97411;2;6;1;3;JAURES (BLD 2 JEAN); -20,90067000;55,48763000;2;BRASSENS (AVENUE GEORGES);0.0;;2;2;0;2;0;0;1;; -1;2;5;8;50;B01;2;7;0;2;2;15;1;
202000031318;154 687 313;A01;1;1;1;1;1972.0;0;1;4;-1;-1; -1;-1;68789;3;6;2020;14:10;1;94;94034;1;1;1;4;AUTOROUTE A86;48,7594971;2,3224126;1;86;0.0;;2;2;0;2;52;119;1;;6;1;0;1;70;A01;2;99;0;2;2;9;1;
202200009751;796 608;A01;1;1;2;1;1998.0;5;2;0;-1;0;0;-1;1 076 674;26;4;2022;02:03;5;75;75115;2;2;1;6;BOULEVARD LEFEBVRE;48,8310200000;2,2923510000;4;BOULEVARD LEFEBVRE;0.0;;3;3;3;1;(1);(1);1;; -1;1;-1;4;50;A01;3;30;8;0;1;25;3;
202400003434;155 775 789;B01;1;1;1;1;1998.0;1;1;-1;-1;0;0;-1;203 980 481;19;10;2024;05:30;3;02;02382;1;3;1;1;;49,86503600;3,21175200;3;1029;-1.0;;3;2;0;1;7;965;1;;7;1;0;1;80;B01;1;7;0;2;1;1;1;
202000011956;154 721 219;B01;1;1;1;1;1999.0;1;8;-1;-1;0;0;-1;26320;12;10;2020;22:20;3;988;98825;1;1;2;2;Lieu-dit BELLE-BOSSE; -21,2418820;164,9119310;2;1;0.0;;2;2;0;4;245;990;1;; -1;2;0;1;110;B01;2;7;0;0;5;1;1;
201900015681;138 277 175;H01;1;1;4;1;1994.0;9;8;-1;-1;0;0;-1;35325;12;10;2019;17:30;1;31;31149;2;1;1;7;GILET (RUE);43,6116900;1,3395100;4;;0.0;;2;2;0;1;0;0;1;;;1;0;1;50;H01;1;36;0;0;9;1;1;
202400016594;155 752 536;A01;1;1;3;1;2000.0;0;2;6;-1;0;0;-1;203 949 447;3;8;2024;15:30;1;40;40036;2;3;1;1;633 route de bayonne;43,63045300; -1,36641400;3;810;0.0;D;2;2;0;1;102;300;1;;7;1;9;1;50;A01;1;33;0;2;1;1;1;
202100046150;119 271;A01;10;3;4;1;1976.0;0;0;-1;-1;2;3;1;157 896;29;3;2021;10:00;1;93;93079;2;1;1;6;JEAN JAURES (AV);48,9641139546;2,3486630269;4;JEAN JAURES (AV);0.0;;2;2;0;1;0;0;1;; -1;1;0;1;50;A01;1;10;1;0;1;17;1;
202300016570;155 651 214;A01;1;1;1;1;1972.0;5;1;0;-1;-1; -1;-1;203 811 790;18;11;2023;19:00;4;78;78133;2;1;2;6;MANTES (ROUTE DE);48,91150700;2,03194000;3;MANTES (ROUTE DE);0.0;;1;0;0;1;26;120;1;;0;2;9;1;50;A01;1;7;0;1;1;16;1;
202400012592;155 759 593;A01;1;1;4;2;1976.0;0;1;-1;-1;-1; -1;-1;203 958 842;3;2;2024;00:11;3;33;33281;2;1;1;3;;44,82779000; -0,67460000;4;AVE DE LA SOMME;0.0;;2;2;0;3; -1; -1;1;; -1;1;2;1;50;A01;3;7;0;2;3;13;1;
202300050984;155 590 105;B01;1;1;3;1;2001.0;5;2;6;-1;0;0;-1;203 729 953;6;10;2023;12:40;1;01;01109;2;3;1;3;Intersection D984B / Rue du Rhone;46,14258900;5,90878300;3;984;0.0;B;2;2;0;2;0;500;1;;5,5;1;0;1;50;B01;2;34;0;2;1;17;1;
202300009087;155 664 468;A01;3;2;4;1;1961.0;5;0;0;0;0;0;-1;203 829 638;18;8;2023;21:30;3;988;98815;1;1;1;7;tribu de Nécé; -21,47418000;167,83582000;4;RM 3;-1.0;;2;2;0;3; -1; -1;2;; -1;1;0;8;-1;A01;3;7;16;0;9;6;1;
201900003979;138 299 048;A01;3;2;1;1;2018.0;9;3;0;-1;-1;0;-1;8949;18;9;2019;17:48;1;25;25056;2;2;1;6;DENFERT ROCHEREAU AVENUE;47,2440500;6,0270700;4;DENFERT ROCHEREAU AVENUE;0.0;;1;1;0;1;0;0;1;;;1;0;1;50;A01;3;7;0;1;3;1;1;
202100044668;121 869;B01;1;1;1;1;1999.0;5;1;0;-1;-1; -1;-1;161 284;8;4;2021;09:05;1;66;66136;2;3;1;3;CASTILLET (DU);42,7010100000;2,8961900000;4;CASTILLET (DU);0.0;;1;1;0;1;(1);(1);1;; -1;1;0;1;50;B01;1;7;0;2;3;1;1;
202200025725;768 227;A01;1;1;4;1;1997.0;5;1;-1;-1;0;0;-1;1 038 695;21;1;2022;23:20;3;54;54382;1;1;1;2;52 (ROUTE NATIONALE);49,5499820000;5,8066710000;2;52 (ROUTE NATIONALE);0.0;;3;4;0;1;24;997;1;; -1;1;0;1;90;A01;1;7;3;2;8;10;1;
202300037258;155 614 508;A01;1;1;4;1;2004.0;9;1;8;-1;-1; -1;-1;203 762 796;25;7;2023;10:20;1;72;72181;2;9;1;2;LEFAUCHEUX PIERRE (BD);47,96252000;0,17720000;4;LEFAUCHEUX PIERRE (BD);0.0;;2;2;0;1;0;0;1;; -1;2;0;1;50;A01;0;7;0;2;2;2;1;
201900052171;138 208 009;A01;1;1;1;1;1983.0;1;1;0;-1;-1; -1;-1;117839;21;8;2019;18:30;1;93;93051;2;1;1;3;RU DE NESLE (BOULEVARD);48,8315000;2,5841400;3;970;0.0;;2;2;0;1;0;1;1;;;1;0;1;50;A01;3;10;0;2;3;11;0;
201900021428;138 266 319;B01;2;2;1;2;2002.0;5;1;-1;-1;0;0;-1;48422;29;6;2019;00:15;3;18;18279;1;1;1;5;A71;47,2729290;2,0426900;1;71;0.0;;3;5;0;1;173;500;1;;;1;0;1;130;B01;1;7;4;2;4;2;1;
202000032650;154 685 038;A01;1;1;4;1;1969.0;4;1;0;-1;0;0;-1;71728;19;3;2020;20:20;5;75;75115;2;4;1;7;QUAI D ISSY LES MOULINEAUX;48,8354020;2,2668850;4;;0.0;;3;2;0;1;0;0;1;; -1;1;0;1;50;A01;3;14;8;0;9;14;6;
201900005346;138 296 469;A01;1;1;4;1;1966.0;5;1;-1;-1;0;0;-1;12039;27;11;2019;12:40;1;17;17354;1;1;3;6;A10;45,6088440; -0,5977260;1;10;;A;3;4;0;1;456;600;1;;;2;0;1;110;A01;1;7;3;0;1;2;1;
202400039537;155 712 103;A01;1;1;4;1;1997.0;0;8;0;0;-1; -1;-1;203 894 965;12;5;2024;19:30;1;93;93031;2;2;1;3;Avenue Joffre / Pont de la Resistance;48,95697000;2,30400000;3;910;0.0;;3;4;0;1;0;1;1;; -1;1;0;1;50;A01;1;7;0;2;1;1;2;
202300029310;155 628 579;B01;1;1;1;1;1973.0;4;1;-1;-1;0;0;-1;203 781 759;2;8;2023;15:20;1;24;24486;1;1;2;1;route nationale 21;45,56424000;0,97659200;2;21;0.0;;2;2;0;1;4;769;3;;7;2;0;1;80;B01;2;17;3;2;1;1;1;
201900028779;138 252 188;B01;1;1;4;1;1972.0;1;2;6;-1;-1; -1;-1;65128;5;3;2019;19:45;5;45;45286;1;1;1;3;AV GASTON GALLOUX;47,8857300;1,9245500;4;AV GASTON GALLOUX;0.0;;2;2;0;2;(1);(1);1;;;2;0;1;50;B01;0;34;0;2;2;1;1;
202400008766;155 766 363;A01;10;3;4;1;1989.0;5;0;-1;-1;3;3;1;203 967 896;18;11;2024;17:40;5;94;94041;2;3;2;6;Rue Ernest Renan;48,81198000;2,39735000;4;;0.0;;1;1;0;1;0;0;1;; -1;2;0;1;30;A01;1;10;0;1;2;15;3;
202400010724;155 762 879;A01;1;1;1;1;2000.0;4;1;-1;-1;0;0;-1;203 963 267;2;2;2024;13:00;1;95;95203;2;2;1;3;D928;48,99464963;2,27790842;3;GARCIA (RUE CRISTINO);0.0;;2;0;1;1;0;0;1;; -1;1;0;1;50;A01;1;7;0;2;2;2;2;
202300000383;155 679 868;A01;1;1;1;1;1982.0;0;1;0;-1;-1; -1;-1;203 850 268;19;9;2023;12:30;1;93;93006;2;9;1;6;Rue Marie-anne Colombier ;48,87093000;2,41727000;4;COLOMBIER MARIE-ANNE;0.0;;1;1;0;1;0;0;1;; -1;1;0;1;30;A01;1;7;0;1;3;1;1;
202000019468;154 707 957;A01;1;1;1;2;1998.0;5;1;0;-1;-1; -1;-1;43045;6;10;2020;17:44;1;87;87085;2;1;1;3;MAUVENDIERE (RUE DE LA);45,8324700;1,2498900;4;MAUVENDIERE (RUE DE LA);0.0;;2;2;0;1;0;0;1;; -1;2;0;1;50;A01;1;7;0;2;1;15;1;
202300048861;155 593 866;B01;2;2;1;2;1971.0;0;1;-1;-1;0;0;-1;203 735 021;29;9;2023;18:40;2;39;39013;1;1;1;3;;46,88365000;5,79998800;3;469;-1.0;;2;2;0;2;35;0;3;;5,5;1;0;1;80;B01;1;7;0;2;3;1;1;
201900057329;138 198 380;A01;1;1;1;1;2000.0;5;1;-1;-1;0;0;-1;129525;6;1;2019;11:55;1;38;38468;1;1;8;1;RN7 PR 29+450;45,3379590;4,8046320;2;7;0.0;;2;2;0;1;29;450;1;;;1;0;1;50;A01;1;7;0;2;1;9;1;
202300033060;155 621 938;B01;1;1;4;1;2005.0;0;2;0;-1;-1; -1;-1;203 772 772;7;10;2023;10:03;1;27;27229;2;6;1;3;FAUVILLE (RUE DE);49,02843600;1,18431500;4;FAUVILLE (RUE DE);0.0;;1;1;0;1; -1; -1;2;; -1;1;0;1;30;B01;0;2;0;2;4;1;1;
202200002200;810 054;A01;1;1;3;1;1979.0;1;2;-1;-1;0;0;-1;1 094 512;18;10;2022;17:20;1;81;81220;2;1;1;6;Route Départementale 12;43,8200530000;1,7263980000;3;12;-1.0;;2;2;0;1;24;650;1;; -1;1;2;4;50;A01;1;36;15;0;2;1;1;
202000046692;154 660 185;A01;1;1;4;2;1998.0;1;1;0;-1;-1; -1;-1;102967;21;10;2020;20:50;3;13;13026;1;1;1;6;A55-Sens Marseille vers Martigues;43,3851500;5,1503320;1;A55-Sens Marseille vers Martigues;0.0;;-1;2;0;1;27;200;1;; -1;1;0;1;110;A01;1;7;0;0;7;14;1;
202100013436;177 717;B01;2;2;4;2;2008.0;5;1;-1;-1;0;0;-1;235 423;13;10;2021;19:30;3;57;57490;1;3;1;3;RD 955;48,7738150000;6,5698400000;3;955;0.0;;2;2;0;2;53;400;1;; -1;1;5;1;80;B01;1;7;3;2;2;1;1;
202100045216;120 906;B01;1;1;3;1;1987.0;0;2;0;-1;-1; -1;-1;160 025;2;4;2021;22:40;5;91;91161;2;1;1;1;RTE DE LONGJUMEAU;48,7062000000;2,2970000000;4;RTE DE LONGJUMEAU;0.0;;2;2;0;2;0;0;1;; -1;1;0;1;50;B01;2;30;0;2;0;1;1;
202200034017;753 346;A01;1;1;2;1;1967.0;5;2;6;-1;-1; -1;-1;1 018 892;16;4;2022;19:00;1;52;52125;1;1;1;7;R.D. 162;48,1100400000;5,1656800000;4;R.D. 162;0.0;;2;2;0;2;0;0;1;; -1;1;0;1;90;A01;0;33;0;0;0;1;1;
202300047060;155 597 062;A01;3;2;1;1;1997.0;0;1;0;-1;-1; -1;-1;203 739 284;14;6;2023;17:30;1;93;93032;2;3;1;6;Vieux Chemin de Meaux / Chemin d’Acces aux Abbesses;48,87699000;2,55733000;4;ABBESSES  (CHEMIN D'ACCES AUX);0.0;;2;2;0;2;1;0;1;; -1;1;0;1;50;A01;2;7;0;1;3;15;1;
202300023525;155 638 877;B01;7;2;4;2;2019.0;2;3;1;-1;0;0;-1;203 795 380;18;4;2023;07:30;1;71;71396;1;2;1;3;Route de Dijon;46,86578500;5,16117100;3;996;-1.0;;2;2;0;1;8;305;1;;7;1;0;1;80;B01;2;7;0;2;3;1;1;
202400008818;155 766 279;B01;1;1;4;1;1997.0;0;2;6;-1;-1; -1;-1;203 967 772;5;2;2024;18:40;1;59;59350;2;1;1;3;Rue des Postes;50,62248400;3,05339700;4;POSTES RUE N° RESTE;0.0;;1;2;2;1; -1; -1;1;; -1;1;0;1;30;B01;2;2;1;0;0;0;1;
202200036167;749 479;A01;2;2;4;2;1957.0;0;1;-1;-1;0;0;-1;1 013 715;9;12;2022;13:30;1;84;84138;2;1;8;3;D941;44,3885120000;4,9730940000;3;941;-1.0;;2;2;1;1;(1);(1);1;; -1;2;0;1;80;A01;1;7;0;2;3;1;1;
202400022370;155 742 425;B01;1;1;1;1;2004.0;5;1;-1;-1;0;0;-1;203 935 718;26;5;2024;11:30;1;76;76115;1;2;1;3;intersection D28/D109;49,60570400;0,56058700;3;109;-1.0;;2;2;0;1;7;135;1;;4;1;0;1;80;B01;1;7;0;2;7;1;1;
202000018400;154 709 894;A01;1;1;2;1;1998.0;5;1;-1;-1;0;0;-1;40755;30;4;2020;21:00;1;29;29191;1;1;1;5;D109;48,5202710; -3,7489130;3;109;0.0;;2;2;0;1;2;950;2;;6;1;0;1;70;A01;1;7;0;2;7;1;1;
202000046353;154 660 782;B01;1;1;4;1;1997.0;1;8;0;-1;-1; -1;-1;102228;25;6;2020;10:30;1;94;94017;1;1;1;2;A4;48,8276700;2,5066500;1;A4;0.0;;1;8;0;1;9;899;1;; -1;1;1;1;90;B01;2;7;0;2;4;2;1;
202100043689;123 589;A01;1;1;4;1;1983.0;5;2;6;-1;0;0;-1;163 529;18;4;2021;17:45;1;60;60456;1;1;1;7;Rue de Wacquemoulin;49,4857640000;2,5796740000;4;;-1.0;;-1;2;0;1;(1);(1);1;; -1;1;0;8;-1;A01;3;31;0;0;0;1;1;
202200020629;777 286;B01;2;2;1;1;2003.0;4;1;-1;-1;0;0;-1;1 050 952;25;5;2022;16:35;1;26;26365;1;1;1;5;D538;44,7770900000;5,0214960000;3;538;0.0;;2;2;0;3;64;280;2;; -1;1;0;1;80;B01;2;38;0;2;3;1;1;27.0
201900058516;138 196 211;A01;2;2;1;2;1959.0;0;1;0;-1;-1; -1;-1;132243;9;6;2019;15:50;1;94;94068;2;2;1;3;LOUIS BLANC (AV);48,7900000;2,4900000;3;130;0.0;;2;2;0;1;0;0;1;;;1;0;1;50;A01;3;7;0;2;2;2;1;
202300018945;155 646 985;A01;1;1;4;1;1996.0;5;1;-1;-1;0;0;-1;203 806 264;14;9;2023;23:32;3;56;56165;1;1;1;6;13 La Quebois;47,88764900; -2,36057700;3;8;-1.0;D;2;2;0;1;23;370;3;;5,5;1;0;8;80;A01;1;7;2;0;1;1;1;
202200029152;761 997;A01;10;3;4;2;1978.0;1;0;-1;-1;3;3;1;1 030 484;29;8;2022;10:19;1;33;33522;2;1;1;6;Cours de la Libération;44,7947800000; -0,6045400000;4;LIBERATION (CRS DE LA);0.0;;3;4;1;1;(1);(1);1;; -1;1;0;1;50;A01;1;7;0;1;1;1;1;
202400000078;155 781 615;B01;1;1;4;1;1997.0;5;2;-1;-1;-1; -1;-1;203 988 380;1;5;2024;19:45;2;69;69142;2;1;3;3;25 Quai Pierre Sémard;45,72017000;4,81804000;7;PIERRE SEMARD                       (QU);0.0;;2;2;0;1;0;900;1;;5,5;2;0;1;50;B01;2;34;7;2;1;1;1;
202300013910;155 655 878;B01;1;1;4;1;1994.0;5;2;0;-1;-1; -1;-1;203 818 024;7;7;2023;20:40;1;75;75112;2;1;1;2;ROUTE DAUPHINE;48,83003300;2,43953200;4;ROUTE DAUPHINE;0.0;;-1;1;1;1; -1; -1;1;; -1;1;0;5;30;B01;3;1;0;2;4;11;5;
201900035045;138 240 262;A01;1;1;1;1;1989.0;0;1;-1;-1;0;0;-1;79235;30;5;2019;10:40;1;29;29076;1;1;1;2;Trois Cures (Milizac);48,4745280; -4,5259060;3;26;;;2;2;0;1;8;950;1;;;1;0;1;70;A01;2;7;0;2;1;2;1;
202400025430;155 736 986;B01;1;1;4;1;1985.0;1;8;-1;-1;-1; -1;-1;203 928 467;6;3;2024;19:00;5;69;69290;2;2;1;3;Route de Lyon;45,70368000;4,91474000;7;LYON (DE) (D 518)                   (RO);0.0;;2;4;3;1;3;0;1;; -1;1;0;1;50;B01;3;50;0;2;2;1;3;
202300041844;155 606 407;B01;1;1;1;1;1988.0;5;1;-1;-1;0;0;-1;203 751 903;16;5;2023;09:45;1;79;79014;1;2;1;3;;47,02302600; -0,27826000;3;159;-1.0;;2;2;0;1;30;330;1;;4,2;1;0;1;80;B01;2;7;0;2;7;1;1;
202400031557;155 726 187;B01;1;1;4;1;2006.0;5;2;6;-1;0;0;-1;203 913 968;19;5;2024;02:05;5;13;13045;2;1;1;1;Rue du Calada;43,85298100;4,77086400;4;;0.0;;2;2;0;1; -1; -1;1;; -1;1;0;1;30;B01;3;2;0;2;1;1;1;
202100030136;147 907;A01;1;1;1;1;1959.0;4;1;-1;-1;-1;0;-1;195 442;8;7;2021;15:45;1;95;95277;1;1;1;3;AUTOROUTE A3;48,9799800000;2,4966000000;1;AUTOROUTE A3;0.0;;3;-1;0;1;17;0;1;; -1;1;0;1;90;A01;2;15;0;2;8;11;1;
202100033810;141 327;B01;1;1;4;2;2003.0;9;2;8;-1;-1; -1;-1;186 671;17;6;2021;08:56;1;65;65047;2;2;1;3;SPORTS (AVE DES);43,2345950000;0,1002760000;3;SPORTS (AVE DES);0.0;;2;2;0;1;54;286;1;; -1;1;0;1;50;B01;1;30;0;2;1;1;1;
202400026032;155 735 884;A01;1;1;4;1;1990.0;5;2;6;-1;0;0;-1;203 927 055;3;9;2024;23:20;5;75;75113;2;2;1;3;BOULEVARD DU GENERAL JEAN SIMON;48,82571600;2,38193700;4;AVENUE DE FRANCE;0.0;;2;2;0;1; -1; -1;1;; -1;1;0;1;50;A01;1;2;0;2;3;18;1;
201900043749;138 223 919;A01;1;1;1;1;2000.0;0;2;0;-1;-1; -1;-1;98666;7;5;2019;14:50;1;93;93048;2;1;1;6;JAURES (AV. JEAN) 1 A 123;48,8626480;2,4422150;9;REPUBLIQUE (RUE DE LA);0.0;;-1;0;0;1;0;0;1;;;1;0;4;30;A01;0;30;9;1;1;26;0;
202400017778;155 750 460;A01;1;1;1;1;1994.0;0;1;0;-1;-1; -1;-1;203 946 642;9;9;2024;10:45;1;94;94034;1;1;2;5;A86;48,76061147;2,31935953;1;AUTOROUTE A86;0.0;;1;4;0;1;51;700;1;; -1;2;1;1;70;A01;1;7;0;2;7;14;1;
202400017416;155 751 103;B01;1;1;1;1;1960.0;5;1;-1;-1;0;0;-1;203 947 527;12;6;2024;18:35;1;89;89002;1;2;1;3;D956;47,71749300;3,90989900;3;956;0.0;;2;2;0;2;26;660;1;;5,5;1;5;1;90;B01;1;7;0;2;1;1;1;
202000037893;154 675 758;B01;1;1;4;1;1968.0;4;1;-1;-1;0;0;-1;83330;27;10;2020;18:40;5;13;13081;2;6;1;3;Avenue Charles de Gaulle;43,4918330;5,2297440;3;RD20;-1.0;;2;1;0;1;(1);(1);3;; -1;1;9;1;50;B01;1;7;0;0;6;26;1;
202100002212;197 839;B01;2;2;1;1;2000.0;0;1;0;-1;-1; -1;-1;262 143;19;12;2021;05:45;3;13;13026;1;1;1;2;A55-Sens Marseille vers Martigues;43,3811100000;5,1590800000;1;A55-Sens Marseille vers Martigues;0.0;;1;2;0;1;24;106;1;; -1;1;0;1;110;B01;1;7;0;2;2;2;1;
202200034020;753 342;A01;1;1;4;1;1994.0;5;1;0;-1;-1; -1;-1;1 018 886;30;9;2022;00:14;5;13;13208;2;9;1;3;MAZARGUES (AVENUE DE);43,2650400000;5,3911500000;4;MAZARGUES (AVENUE DE);0.0;;2;6;0;1;(1);(1);2;; -1;1;0;1;50;A01;2;3;1;0;0;0;3;
202400048224;155 696 890;C01;1;1;1;1;1986.0;5;1;-1;-1;0;0;-1;203 874 154;27;11;2024;19:27;5;69;69298;1;2;1;4;Route de Givors;45,64923600;4,99023900;3;149;0.0;D;2;2;0;1;14;0;1;;5;1;0;1;70;C01;3;7;0;2;1;23;1;
202400036901;155 716 708;B01;1;1;1;2;1995.0;0;1;0;0;-1; -1;-1;203 901 181;11;12;2024;08:45;1;92;92036;1;1;2;3;AUTOROUTE A86;48,93814244;2,31372714;1;86;0.0;;3;3;0;1;9;899;1;;10,5;2;0;1;90;B01;1;7;0;2;7;12;1;
202100036795;135 937;A01;2;2;4;1;2004.0;1;8;0;-1;-1; -1;-1;179 658;1;6;2021;08:38;1;49;49007;2;1;1;7;AMBROISE PARE;47,4740455784; -0,5753231049;4;AMBROISE PARE;0.0;;-1;2;0;1;1;0;1;; -1;1;0;1;50;A01;3;2;0;0;2;26;1;
202100017894;169 638;B01;1;1;1;2;1934.0;0;1;0;-1;-1; -1;-1;224 950;20;9;2021;14:00;1;92;92048;2;1;1;1;MARCEL ALLEGOT (RUE);48,8221425150;2,2262147069;3;406;0.0;;-1;0;0;1;0;0;1;; -1;1;0;1;50;B01;0;7;0;2;2;9;1;
202100032314;143 998;B01;1;1;4;1;1991.0;9;2;0;-1;0;0;-1;190 151;24;6;2021;20:40;1;75;75120;2;1;1;3;RUE D AVRON;48,8530960000;2,4083410000;4;RUE D AVRON;0.0;;2;2;0;1;(1);(1);1;; -1;1;0;1;30;B01;2;30;0;2;2;1;1;
202000026446;154 695 728;B01;1;1;1;1;1970.0;5;1;-1;-1;0;0;-1;58289;9;7;2020;12:30;1;14;14316;1;1;1;5;Route départementale 27;49,2553980; -0,0613150;3;27;-1.0;;2;2;0;1;16;100;1;;5,5;1;0;1;70;B01;1;7;0;2;8;1;1;
202100026876;153 677;B01;1;1;1;1;1961.0;9;1;-1;-1;0;0;-1;203 422;9;6;2021;14:30;1;22;22112;1;1;1;1;D6;48,6499441389; -3,0103182780;3;6;-1.0;;2;2;0;1;(1);(1);1;; -1;1;0;1;70;B01;2;15;0;0;3;1;1;
202300033617;155 620 959;A01;10;3;4;1;1967.0;3;8;8;-1;3;3;1;203 771 424;21;5;2023;13:54;1;60;60414;2;1;1;6;Rue de la République;49,25660000;2,43436000;4;REPUBLIQUE (RUE DE LA);0.0;;-1;1;0;1; -1; -1;1;; -1;1;0;1;30;A01;3;7;0;1;1;0;1;
202300008026;155 666 362;A01;4;2;1;1;1979.0;4;1;0;-1;-1; -1;-1;203 832 271;30;4;2023;16:10;1;972;97209;1;9;1;1;BALATA (ROUTE DE);14,61725000; -61,07122000;2;BALATA (ROUTE DE);0.0;;2;3;0;1;4;0;3;; -1;1;0;1;50;A01;1;7;0;2;1;23;1;
202100002980;196 449;A01;10;3;3;2;1965.0;0;0;-1;-1;6;9;1;260 307;14;12;2021;16:45;2;93;93033;2;1;1;6;BRAS SAINT ARNOULT;48,8594369769;2,5810316204;3;BRAS SAINT ARNOULT;0.0;;2;2;0;1;0;1;1;; -1;1;0;3;50;A01;1;10;0;1;4;4;1;
202300012277;155 658 748;A01;1;1;4;1;1996.0;5;1;0;-1;-1; -1;-1;203 821 888;13;8;2023;05:25;4;29;29039;2;6;1;6;Place de l'Eglise;47,88871600; -3,90178000;4;;0.0;;2;2;0;3;0; -1;1;; -1;1;9;8;50;A01;3;7;6;0;1;1;1;
201900015940;138 276 728;A01;2;2;3;2;1945.0;5;0;-1;-1;0;0;-1;35888;3;8;2019;16:25;1;47;47044;1;1;1;6;Lasto Ounos;44,6734500;0,5793660;2;21;;;2;2;0;1;1;200;1;;;1;0;3;80;A01;1;7;5;0;2;1;1;
202300049105;155 593 441;B01;1;1;4;1;1991.0;0;2;6;-1;-1; -1;-1;203 734 452;30;10;2023;19:40;4;64;64335;2;1;1;1;JEAN JAURES;43,31704000; -0,42976000;4;JEAN JAURES;0.0;;2;2;0;1;0;0;3;; -1;1;5;1;50;B01;1;30;0;2;1;1;1;
202000013707;154 718 169;A01;2;2;4;2;1998.0;5;1;8;-1;-1; -1;-1;30263;15;8;2020;02:10;3;13;13216;1;1;1;1;A55-Sens Marseille vers Martigues;43,3530880;5,3485510;1;55;0.0;;1;2;3;1;6;300;2;; -1;1;0;1;90;A01;1;10;0;2;1;1;1;
202400023713;155 739 983;A01;4;2;4;1;1997.0;5;1;0;-1;-1; -1;-1;203 932 499;14;4;2024;06:45;2;07;07072;1;3;1;7;RD 104;44,73588000;4,63416000;3;RD 104;0.0;;2;2;0;1;0;0;1;;7;1;0;1;70;A01;1;7;6;0;2;1;1;
202000012855;154 719 687;B01;5;2;4;1;2015.0;0;8;0;-1;-1;0;-1;28363;26;1;2020;09:20;1;60;60057;2;2;8;3;BERLIOZ HECTOR (RUE);49,4154090;2,0769508;4;BERLIOZ HECTOR (RUE);0.0;;2;2;0;1;(1);(1);1;; -1;2;0;1;50;B01;3;7;0;2;3;16;1;
202400051777;155 690 662;B01;1;1;3;1;1993.0;1;2;6;-1;-1; -1;-1;203 865 716;3;1;2024;07:50;5;13;13213;1;1;1;2;A507 sens Aubagne- Marseille;43,32917000;5,41514000;1;A507 sens Aubagne- Marseille;0.0;;1;2;0;1;3;795;1;;7;1;1;1;70;B01;2;33;0;2;1;3;1;
202100040645;128 963;A01;2;2;1;2;1966.0;1;1;-1;-1;0;0;-1;170 470;29;4;2021;16:50;1;57;57210;1;1;1;7;pk 038.500;48,8513310000;6,9831630000;3;38;0.0;;2;2;0;1;38;500;1;; -1;1;0;8;80;A01;2;7;0;0;9;0;1;
202400048497;155 696 371;A01;2;2;1;1;1995.0;0;1;0;-1;-1; -1;-1;203 873 471;2;12;2024;17:50;3;11;11069;1;1;1;3;;43,20380000;2,38709700;4;ROCADE SUD RD 6161;0.0;;2;2;0;2; -1; -1;1;; -1;1;0;1;80;A01;3;7;0;2;1;0;1;
202200052193;721 119;B01;1;1;4;1;1995.0;5;2;7;-1;-1; -1;-1;975 730;27;3;2022;19:15;1;61;61497;2;3;1;3;FOURNEAUX (RUE DES );48,4555450000;0,0893420000;4;FOURNEAUX (RUE DES );0.0;;2;2;0;1;0;1;1;; -1;1;0;1;50;B01;2;33;0;2;8;1;1;
201900044333;138 222 784;A01;1;1;1;1;1972.0;1;1;0;-1;0;0;-1;99996;5;11;2019;07:35;2;91;91201;2;2;2;6;RIS (RUE DE);48,6626000;2,4176300;4;RIS (RUE DE);0.0;;2;3;0;1;0;0;1;;;2;5;1;50;A01;2;7;0;1;2;15;1;
202300026948;155 632 829;A01;1;1;1;1;1979.0;3;1;-1;-1;0;0;-1;203 787 317;10;11;2023;19:00;3;85;85081;1;1;2;2;départementale 100 la vergne;46,73708000; -1,39803100;3;;0.0;D;2;2;0;1;11;300;1;;4;2;0;1;80;A01;1;7;0;0;1;1;1;
201900034885;138 240 569;A01;1;1;1;2;1944.0;5;1;0;-1;0;0;-1;78856;6;11;2019;16:00;1;92;92020;2;1;1;6;FONTENAY RUE DE AUTRES N°;48,7967000;2,2854200;4;FONTENAY RUE DE AUTRES N°;0.0;;2;2;0;1;0;0;1;;;1;0;1;50;A01;2;7;0;1;2;1;1;
202400004274;155 774 292;A01;10;3;4;2;1946.0;9;0;-1;-1;2;3;1;203 978 547;28;11;2024;12:30;1;94;94076;2;3;1;6;Rue Jean Jaurès;48,79258142;2,36652911;3;55;0.0;;1;1;0;1;0;0;1;; -1;1;0;1;30;A01;1;10;0;1;0;0;1;
202100027357;152 820;B01;1;1;4;1;2000.0;5;8;0;-1;-1; -1;-1;202 187;23;7;2021;10:46;1;49;49246;2;6;1;2;MAISONS ROUGES CHEMIN;47,4370500000; -0,5143300000;3;MAISONS ROUGES CHEMIN;0.0;;2;2;0;1;1;0;1;; -1;1;0;1;50;B01;1;1;0;2;5;26;5;
202100023845;159 004;B01;1;1;1;1;1972.0;9;1;8;-1;-1; -1;-1;210 829;16;8;2021;18:30;2;973;97302;2;1;1;3;GALMOT (AVENUE);4,9316500000; -52,3295900000;2;GALMOT (AVENUE);0.0;;2;2;0;1;0;0;1;; -1;1;0;1;50;B01;1;7;0;2;2;16;1;
202000012166;154 720 863;A01;1;1;2;1;2002.0;5;0;-1;-1;0;0;-1;26860;28;12;2020;03:00;4;21;21249;2;1;1;6;Rue des Buttes;47,0906810;5,2157540;4;;-1.0;;2;2;0;1;(1);(1);2;; -1;2;0;8;50;A01;2;7;6;0;1;1;1;
202400005677;155 771 802;A01;2;2;4;2;1989.0;5;1;-1;-1;0;0;-1;203 975 212;8;7;2024;05:35;2;28;28085;1;1;1;6;A11 PK 056+500 vers PARIS;48,43802700;1,52435300;1;11;-1.0;;3;3;0;1;57;560;1;;13,5;1;0;1;130;A01;2;7;4;0;3;1;1;
202100011739;180 742;B01;1;1;4;1;1965.0;0;2;6;-1;-1; -1;-1;239 357;22;10;2021;13:35;1;91;91434;1;1;1;2;AUTOROUTE A6;48,6690193032;2,3516964912;1;AUTOROUTE A6;0.0;;3;6;0;2;18;750;1;; -1;1;0;1;110;B01;2;33;0;2;1;21;1;
202100000087;201 594;B01;2;2;1;1;2006.0;9;1;8;-1;-1; -1;-1;267 381;20;8;2021;11:15;1;13;13047;2;1;1;3;RADOLFZELL AVENUE DE;43,4991831791;4,9879145902;4;RADOLFZELL AVENUE DE;0.0;;2;2;0;1;0;0;1;; -1;1;0;1;50;B01;3;7;0;2;1;0;1;
202400030525;155 728 008;B01;1;1;3;1;1950.0;5;0;-1;-1;0;0;-1;203 916 536;4;10;2024;17:15;1;16;16039;2;1;1;2;Route de Montjean;46,04228100;0,16910000;3;26;0.0;;2;2;0;2;20;500;1;;5,5;1;0;1;50;B01;0;1;0;2;4;2;5;
202300030547;155 626 378;Z01;1;1;1;-1;;-1;-1;-1;-1;-1; -1;-1;203 778 795;8;9;2023;19:09;1;75;75119;2;2;1;6;PLACE DE LA BATAILLE DE STALINGRAD;48,88386600;2,36859100;4;;-1.0;;1; -1;-1;1; -1; -1;1;; -1;1;0;1;30;Z01;3;7;0;1;0;1;0;
202100014168;176 368;A01;1;1;1;-1;;-1;-1;-1;-1;-1; -1;-1;233 688;9;10;2021;23:24;5;44;44109;2;1;1;3;BOULEVARD DE L'EGALITE;47,2087200000; -1,5870900000;4;BOULEVARD DE L'EGALITE;0.0;;2;2;2;1;(1);(1);1;; -1;1;0;1;50;A01;1;7;0;2;1;1;0;
202200032952;755 201;A01;1;1;3;1;2001.0;1;1;0;-1;-1; -1;-1;1 021 392;26;2;2022;18:45;5;21;21278;2;6;1;6;Route d'Ahuy;47,3509981494;5,0341614248;7;AHUY (D') (ROUTE);0.0;;-1;0;0;1;(1);(1);3;; -1;1;0;1;50;A01;3;7;0;1;3;16;1;
202100042036;126 488;A01;1;1;4;1;1930.0;5;8;-1;-1;0;0;-1;167 222;29;4;2021;15:46;1;29;29039;2;1;1;1;Rue de Quimper;47,8860439888; -3,9196957420;4;QUIMPER ( RUE DE);0.0;;2;2;0;2;(1);(1);1;; -1;1;0;1;50;A01;1;7;0;2;3;13;1;
202300014372;155 655 094;A01;1;1;4;2;1993.0;1;8;0;-1;-1; -1;-1;203 816 958;17;3;2023;09:20;1;93;93077;2;1;1;3;30 Allée de la Tour;48,89672000;2,50447000;4;TOUR (ALLEE DE LA);0.0;;1;1;0;1;0;0;1;; -1;1;0;1;50;A01;1;7;0;2;8;26;2;
202400015402;155 754 648;B01;1;1;1;-1;;-1;-1;-1;-1;-1; -1;-1;203 952 281;13;3;2024;21:35;5;45;45068;2;3;1;3;76 Avenue du Général Leclerc;48,02105012;2,73721334;3;CONDORCET (RUE);0.0;;4;2;0;1; -1; -1;3;; -1;1;0;1;50;B01;1;7;0;2;3;0;1;
202400013442;155 758 109;B01;1;1;4;1;1990.0;0;8;0;-1;0;0;-1;203 956 945;13;3;2024;23:30;5;54;54395;2;3;1;1;Rue des Tiercelins;48,69019000;6,18759000;4;JEANNOT (RUE);0.0;;1;1;0;1; -1; -1;1;; -1;1;0;1;30;B01;1;1;0;2;1;1;5;
202300037556;155 613 991;A01;1;1;1;2;1976.0;1;1;-1;-1;0;0;-1;203 762 123;22;6;2023;11:55;1;68;68300;2;6;1;3;D420;47,77952900;7,36474000;3;420;-1.0;;1;2;0;1;4;800;1;;7;1;0;1;50;A01;1;7;0;2;1;9;1;
202000006841;154 730 231;B01;1;1;4;2;1988.0;9;2;8;-1;-1; -1;-1;14989;16;5;2020;16:25;1;973;97302;2;9;1;3;GALMOT (AVENUE);4,9319308; -52,3283744;4;Avenue Galmot;0.0;;2;0;0;1;(1);(1);1;; -1;1;0;1;50;B01;3;33;0;2;1;1;6;
202100011542;181 087;A01;10;3;4;1;2018.0;2;0;-1;-1;3;3;2;239 811;22;10;2021;08:25;2;91;91312;2;1;9;6;EGLISE (RUE DE L');48,7418000000;2,2245700000;3;EGLISE (RUE DE L');0.0;;2;2;0;2;0;0;1;; -1;2;6;8;30;A01;1;7;0;1;3;17;1;
201900028200;138 253 311;A01;1;1;3;1;1987.0;5;2;4;-1;0;0;-1;63800;7;9;2019;00:45;5;9;09324;1;6;1;6;ZI DELTA SUD d 624;43,0595080;1,6388350;3;624;0.0;;1;2;0;1;(1);(1);2;;;1;0;3;80;A01;1;33;8;0;1;1;1;
202400044868;155 702 786;A01;1;1;4;1;1988.0;5;1;9;-1;0;0;-1;203 882 046;5;5;2024;14:25;1;31;31424;2;1;1;3;Rue des Lavandes;43,56150400;1,30569500;4;50;0.0;D;2;2;0;1; -1; -1;1;; -1;1;0;1;50;A01;3;7;0;0;8;15;1;
202100003689;195 159;B01;1;1;1;2;1975.0;1;1;0;-1;-1; -1;-1;258 522;9;12;2021;17:20;5;15;15014;2;1;1;1;Rue des Carmes;44,9273720000;2,4435300000;4;CARMES (RUE DES);0.0;;1;2;1;1;(1);(1);1;; -1;1;0;1;50;B01;-1;7;0;2;2;1;1;
201900046305;138 218 968;A01;1;1;1;2;1974.0;0;1;8;-1;-1; -1;-1;104535;7;1;2019;07:51;2;49;49007;2;1;8;3;ROI RENE BOULEVARD;47,4673700; -0,5558800;4;ROI RENE BOULEVARD;0.0;;-1;1;0;1;0;0;1;;;2;0;1;30;A01;3;7;0;2;7;26;1;
202400040283;155 710 779;A01;1;1;1;1;1986.0;0;1;0;-1;-1; -1;-1;203 893 093;16;6;2024;00:35;5;94;94046;2;3;1;3;Rue Pierre et Marie Curie / Avenue du Général de Gaulle;48,81032000;2,42372000;3;;-1.0;;2;4;1;1;0;1;1;; -1;1;0;1;-1;A01;2;7;0;2;2;16;2;
201900022796;138 263 702;A01;1;1;4;2;1995.0;5;1;0;-1;0;0;-1;51551;8;9;2019;17:36;1;75;75113;2;2;1;6;BOULEVARD MASSENA;48,8241670;2,3767720;4;BOULEVARD MASSENA;0.0;;3;3;0;1;0;0;1;;;1;5;1;50;A01;2;7;0;2;6;1;1;
202100047115;117 552;A01;1;1;4;1;1977.0;4;8;8;-1;0;0;-1;155 709;22;3;2021;09:15;1;75;75112;1;1;1;2;A4;48,8200000000;2,4600000000;1;A4;0.0;;-1;8;0;1;5;0;1;; -1;1;0;1;90;A01;1;7;0;2;9;11;3;
202300013878;155 655 938;B01;1;1;1;2;1983.0;1;1;0;-1;-1; -1;-1;203 818 105;26;4;2023;15:35;1;93;93071;2;3;1;3;Avenue Salvador Allende / Rue Frederic Joliot Curie;48,94755500;2,52710600;4;FREDERIC JOLIOT CURIE (RUE);0.0;;1;1;0;2;0;0;1;; -1;1;0;1;30;B01;3;7;0;2;2;1;1;
202400042579;155 706 777;A01;2;2;1;1;2002.0;0;1;-1;-1;0;0;-1;203 887 536;8;12;2024;20:10;3;88;88385;1;2;1;1;D165;48,19726500;6,05007600;3;165;-1.0;;2;2;0;1;20;220;1;;7;2;5;1;90;A01;2;7;0;2;1;1;1;
201900058586;138 196 089;A01;4;2;1;2;2017.0;5;1;0;-1;-1; -1;-1;132390;1;6;2019;17:00;1;94;94022;2;2;7;1;VILLENEUVE ST GEORGES (AV);48,7667800;2,4144000;3;138;0.0;;2;2;0;1;0;1;1;;;1;2;1;50;A01;1;7;0;2;1;10;1;
202000027295;154 694 260;A01;1;1;3;1;1937.0;5;8;0;-1;-1; -1;-1;60136;29;9;2020;13:00;1;95;95500;2;1;9;6;JEAN JAURES (BOULEVARD);49,0515390;2,0999740;3;915;0.0;Z;2;2;0;2;0;500;2;; -1;1;1;1;30;A01;2;10;6;0;1;1;0;
202100037968;133 797;A01;1;1;1;1;2000.0;5;1;-1;-1;-1;0;-1;176 885;25;5;2021;23:15;5;95;95539;2;2;3;3;DIVISION LECLERC (AVENUE DE LA );48,9916330000;2,3601460000;3;DIVISION LECLERC (AVENUE DE LA );0.0;;4;3;0;1;2;950;1;; -1;2;5;1;50;A01;1;7;0;2;3;1;1;
202100051806;109 097;A01;10;3;4;2;1947.0;5;0;-1;-1;3;3;1;144 792;10;2;2021;15:30;1;13;13056;2;1;1;3;ELUARD BOULEVARD PAUL;43,4224200000;5,0546700000;4;ELUARD BOULEVARD PAUL;0.0;;2;2;0;2;0;0;1;; -1;1;0;1;50;A01;3;7;0;1;1;1;1;
202000038971;154 673 859;B01;1;1;1;1;1988.0;1;1;0;-1;-1; -1;-1;85731;28;5;2020;07:15;1;94;94076;2;1;1;1;PARIS (AV DE);48,7999900;2,3653900;3;7;0.0;;2;2;2;2;(1);(1);2;; -1;1;0;1;50;B01;1;7;0;0;3;1;0;
202200052491;720 581;A01;1;1;3;1;1990.0;5;2;-1;-1;0;0;-1;974 992;1;6;2022;10:25;1;69;69291;2;2;1;3;Chemin du Petit Chantoire;45,6431370000;4,8750490000;4;;-1.0;;2;1;0;2;(1);(1);1;;3;1;0;1;50;A01;3;1;0;2;7;26;5;
202400024264;155 739 023;A01;1;1;1;2;1991.0;2;1;-1;-1;0;0;-1;203 931 144;18;1;2024;08:15;2;40;40002;2;1;1;5;Rue du Moulin;43,59437500; -0,74842200;4;158;-1.0;;1;2;0;1; -1; -1;3;;4;1;0;1;30;A01;3;7;0;2;2;1;1;
202000019851;154 707 279;A01;1;1;3;1;1954.0;5;1;-1;-1;0;0;-1;43938;21;12;2020;18:45;5;03;03071;1;2;8;3;La Croix Rose;46,3675184;3,6219148;3;D989;0.0;;2;2;0;1;27;72;1;; -1;2;0;1;90;A01;-1;10;0;2;8;1;1;
202400033223;155 723 235;A01;4;2;4;2;2005.0;5;1;0;0;-1; -1;-1;203 909 887;9;4;2024;16:00;1;93;93049;2;2;2;3;Boulevard Galliéni / Rue Edgar Quinet;48,85282000;2,51322000;3;934;0.0;;3;5;0;1;1;0;1;; -1;2;0;1;50;A01;2;7;0;2;1;1;2;
202100027759;152 089;B01;1;1;4;1;1991.0;9;2;6;-1;0;0;-1;201 206;21;7;2021;20:20;1;75;75118;2;3;1;1;RUE ORDENER;48,8908750000;2,3532400000;4;RUE ORDENER;0.0;;2;2;0;1;(1);(1);1;; -1;1;0;1;50;B01;1;32;0;2;3;1;1;
202100019477;166 821;C01;1;1;1;1;1992.0;5;1;0;-1;-1; -1;-1;221 262;11;9;2021;21:10;5;64;64024;2;3;1;5;CHAMBRE D'AMOUR (AVENUE DE LA);43,4961000000; -1,5368300000;4;CHAMBRE D'AMOUR (AVENUE DE LA);0.0;;2;2;0;2;0;0;1;; -1;1;0;1;50;C01;3;7;0;2;1;23;1;
202000014822;154 716 292;A01;1;1;1;1;1950.0;0;1;0;-1;-1; -1;-1;32636;24;1;2020;15:45;1;93;93048;2;2;1;6;VALMY (RUE DE);48,8507300;2,4181000;4;VALMY (RUE DE);0.0;;2;2;0;1;0;0;1;; -1;1;0;1;50;A01;2;20;0;1;2;15;1;
202000015495;154 715 035;B01;1;1;3;1;1991.0;5;2;6;-1;0;0;-1;34250;14;6;2020;10:30;1;59;59129;1;2;1;3;3 Rue de Lobeau;50,4963320;3,1910575;3;549;0.0;;2;2;0;1;(1);(1);1;;7;1;0;1;70;B01;2;33;0;2;7;1;1;
202000046172;154 661 111;A01;1;1;4;2;1998.0;0;1;0;-1;-1;0;-1;101819;29;1;2020;14:40;1;13;13106;1;1;8;3;A51-Sens Aix en Provence vers Marseille;43,4127400;5,3642500;1;51;0.0;;-1;3;0;1;2;299;1;; -1;1;0;1;90;A01;1;7;0;0;1;18;1;
202400019154;155 748 030;A01;1;1;4;2;1995.0;9;1;0;-1;-1; -1;-1;203 943 370;9;3;2024;14:05;1;49;49328;1;1;1;2;ROCADE N 347;47,24698000; -0,10546000;3;ROCADE N 347;0.0;;3;2;0;1;19;400;1;;7;2;9;1;90;A01;1;7;0;2;1;1;1;
201900055756;138 201 296;A01;1;1;3;2;1946.0;5;8;-1;-1;0;0;-1;125910;11;7;2019;16:55;1;69;69299;1;1;1;7;A432 - pk027+500;45,7064000;5,0995500;1;432;;;3;4;0;1;27;500;1;;;1;0;3;130;A01;1;7;3;0;8;1;1;
201900052919;138 206 541;B01;1;1;4;2;1995.0;5;1;-1;-1;0;0;-1;119507;11;5;2019;15:15;1;10;10147;1;9;1;3;rn 77;48,1304980;4,0210170;2;77;0.0;;2;2;0;1;16;300;1;;;1;0;1;80;B01;2;7;0;2;3;15;1;
202000028713;154 691 748;C01;1;1;4;2;1980.0;0;1;0;-1;-1; -1;-1;63244;5;9;2020;16:10;1;45;45234;2;9;1;4;47 Boulevard Marie Stuart;47,9115170;1,9251290;4;;0.0;;2;2;0;1;(1);(1);1;; -1;1;0;1;50;C01;0;7;0;2;4;2;1;
202100039833;130 379;A01;1;1;1;2;1989.0;0;1;0;-1;0;0;-1;172 379;15;5;2021;08:15;1;06;06088;2;2;1;6;DELFINO (BD GENERAL);43,7054900000;7,2844300000;4;DELFINO (BD GENERAL);0.0;;1;3;0;1;(1);(1);1;; -1;1;0;1;50;A01;1;7;0;1;1;15;1;
202400004631;155 773 678;A01;1;1;1;1;2000.0;4;1;0;-1;-1; -1;-1;203 977 670;9;2;2024;08:15;1;94;94042;2;5;2;3;Pont de Joinville / Quai de la Marne;48,82018000;2,46734000;3;4;0.0;;2;2;3;1;0;1;1;; -1;2;2;1;50;A01;2;10;0;2;2;15;1;
202300002195;155 676 700;A01;1;1;4;1;1963.0;4;1;-1;-1;0;0;-1;203 846 016;28;11;2023;18:45;3;73;73270;1;2;2;3;D1006;45,55198400;6,16019700;3;1006;-1.0;;2;5;0;1;63;90;1;; -1;2;5;1;70;A01;2;10;0;2;2;15;1;
202300041823;155 606 440;A01;1;1;3;1;1966.0;5;2;-1;-1;0;0;-1;203 751 953;9;4;2023;11:00;1;04;04152;1;1;1;3;Route de la Bastide;43,80648500;5,71951000;3;D6;-1.0;;2;2;0;2;3;720;3;;5,5;1;0;1;50;A01;1;1;0;2;3;13;5;
202200013415;790 179;B01;1;1;4;1;1993.0;5;2;0;-1;-1; -1;-1;1 068 115;9;9;2022;21:04;5;49;49007;2;1;1;2;RABELAIS;47,4642600000; -0,5485200000;4;RABELAIS;0.0;;2;2;0;1;1;0;1;; -1;1;0;1;30;B01;1;30;0;2;4;1;1;
202000038852;154 674 079;A01;1;1;1;2;1979.0;4;1;-1;-1;0;0;-1;85469;8;1;2020;10:00;1;79;79196;2;1;1;6;Place des Marronniers;46,9516040; -0,0813940;3;64;-1.0;;2;2;0;1;7;880;1;;5,8;1;0;1;50;A01;1;7;0;1;3;9;1;
202100045611;120 204;B01;1;1;4;2;1992.0;9;8;7;-1;-1; -1;-1;159 078;1;4;2021;17:45;1;13;13063;1;1;1;1;BELVAL CHEMIN DE;43,5833000000;5,0000000000;4;BELVAL CHEMIN DE;0.0;;2;2;0;1;1000;0;1;; -1;1;0;1;80;B01;3;7;0;2;3;1;1;
202100007837;187 730;A01;1;1;1;1;1985.0;5;1;0;-1;-1; -1;-1;248 735;3;11;2021;19:00;5;11;11069;2;1;2;2;BARBES BD IMPAIR;43,2103400000;2,3502000000;4;BARBES BD IMPAIR;0.0;;1;2;0;1;0;0;1;; -1;2;0;1;50;A01;2;7;0;1;4;2;1;
202300027748;155 631 392;A01;1;1;1;1;1965.0;0;1;0;-1;0;0;-1;203 785 464;6;3;2023;08:00;1;44;44109;2;1;1;3;4 Rue de l'Evêché;47,21876800; -1,55068620;4;RUE DE L'EVECHE;0.0;;2;2;0;1; -1; -1;1;; -1;1;0;1;30;A01;0;7;0;0;0;17;1;
202000001157;154 740 231;B01;3;2;4;2;1995.0;1;1;8;-1;-1; -1;-1;2544;5;3;2020;17:00;1;92;92004;2;1;3;2;VOLTAIRE ( BD 16 A FIN );48,9170200;2,2875600;3;15;0.0;;2;2;1;1;0;0;1;; -1;2;0;1;50;B01;1;7;0;2;4;0;1;
202200013820;789 469;A01;1;1;1;1;1954.0;5;1;8;-1;-1; -1;-1;1 067 180;5;2;2022;18:40;3;62;62193;2;1;6;3;SAINT OMER (ROUTE DE);50,9246380000;1,9058120000;3;SAINT OMER (ROUTE DE);0.0;;2;2;0;1;99;615;1;; -1;1;0;1;70;A01;2;7;0;2;2;16;1;
202000033568;154 683 433;B01;2;2;4;2;1981.0;4;1;5;-1;0;0;-1;73770;31;5;2020;22:45;5;91;91027;2;9;1;3;BARBUSSE (RUE HENRI);48,7005100;2,3641700;4;BARBUSSE (RUE HENRI);0.0;;1;1;0;1;0;0;1;; -1;1;0;1;50;B01;1;7;0;2;2;1;1;
201900014383;138 279 645;B01;1;1;1;1;1973.0;1;2;8;-1;-1;0;-1;32423;14;6;2019;08:55;1;94;94052;1;1;1;3;A86 INT;48,8435041;2,4924919;1;86;0.0;INT;1;3;0;1;31;200;1;;;1;1;1;90;B01;2;2;0;2;4;12;1;
202000030523;154 688 621;B01;1;1;4;1;1982.0;0;1;0;-1;-1; -1;-1;67131;14;2;2020;12:40;1;37;37261;2;3;1;3;GUILLAUMET (RUE);47,3816357;0,7051613;4;;0.0;;1;1;0;1;0;0;1;; -1;1;0;1;30;B01;2;7;0;2;8;1;1;
202200010860;794 639;A01;2;2;1;1;1985.0;0;1;-1;-1;-1; -1;-1;1 074 070;17;3;2022;10:30;1;69;69389;2;2;1;3;Rue du Four à Chaux;45,7853900000;4,8105800000;4;;0.0;;1;1;0;1;(1);(1);1;; -1;1;0;1;50;A01;1;7;0;2;1;1;2;
202200053537;718 746;B01;1;1;4;1;1984.0;5;1;-1;-1;0;0;-1;972 461;26;11;2022;04:15;3;33;33529;2;1;1;3;RD1250;44,6134349698; -1,1483126879;2;RD1250;0.0;;2;2;0;1;42;650;1;; -1;1;0;1;80;B01;2;7;0;2;3;1;1;
201900032209;138 245 789;A01;1;1;4;1;1978.0;5;2;-1;-1;0;0;-1;72830;13;4;2019;16:50;1;67;67130;1;1;2;5;Rue du Canal;48,4227840;7,6978310;9;CANAL;;;2;1;1;1;(1);(1);4;;;2;9;5;-1;A01;3;1;0;2;1;1;5;
202300017900;155 648 831;C01;1;1;4;2;2000.0;5;1;-1;-1;0;0;-1;203 808 633;12;2;2023;05:30;3;59;59419;2;1;1;4;D938 LE BERCU;50,52567100;3,28355500;3;938;0.0;D;2;2;2;1;16;800;1;;7;1;0;1;50;C01;2;7;0;0;4;23;0;
202200006712;802 041;A01;1;1;1;1;1979.0;1;1;8;-1;-1; -1;-1;1 083 800;10;2;2022;06:20;3;77;77186;1;6;8;5;D138 / D606;48,4744907945;2,6784163356;3;D138. girat.valvins à croix de vitry;0.0;;2;2;0;1;13;102;1;; -1;1;5;1;70;A01;1;7;0;2;3;15;1;
202300049008;155 593 622;B01;1;1;1;1;1985.0;4;1;-1;-1;0;0;-1;203 734 679;6;1;2023;19:31;3;41;41127;1;1;1;6;D925;47,57718100;1,78268700;3;925;0.0;D;2;2;0;1;42;0;1;; -1;1;0;1;80;B01;1;38;0;2;3;1;1;9.0
202300046207;155 598 571;C01;1;1;4;1;1998.0;4;1;-1;-1;0;0;-1;203 741 327;30;8;2023;12:50;1;60;60509;2;1;1;5;Avenue d’Auvelais;49,31631700;2,60380300;3;1017;-1.0;D;2;2;0;2;23;400;3;;7;1;0;1;50;C01;0;7;0;2;2;1;1;
202400007208;155 769 124;A01;1;1;4;1;1990.0;0;1;-1;-1;0;0;-1;203 971 655;20;10;2024;17:30;1;69;69007;2;1;1;1;Route de la Roche;45,49265300;4,81761200;3;386;0.0;D;2;2;0;1;35;300;1;;5;1;0;1;50;A01;0;7;0;2;3;1;1;
202200004973;805 147;B01;1;1;3;1;1973.0;1;1;-1;-1;0;0;-1;1 087 926;11;2;2022;20:45;3;17;17057;1;1;1;1;Chemin de bouhet;46,1476700000; -0,8743680000;3;RD116;-1.0;;2;2;0;1;23;201;1;; -1;1;0;1;80;B01;1;7;0;2;1;1;1;
202300050307;155 591 317;B01;1;1;1;1;1999.0;5;1;0;-1;-1; -1;-1;203 731 541;26;8;2023;15:45;1;94;94080;2;1;1;2;Rue Félix Faure;48,84849000;2,45442000;3;143;0.0;;1;2;0;1;0;0;1;; -1;1;0;1;30;B01;1;7;0;2;4;1;0;
202000018771;154 709 230;A01;2;2;1;2;1999.0;5;1;-1;-1;0;0;-1;41549;12;7;2020;06:30;2;974;97414;1;1;1;7;route forestière n°11 des Makes; -21,1990190;55,4285440;9;11;0.0;;-1;2;0;1;(1);(1);2;; -1;1;0;8;50;A01;3;7;15;0;0;1;1;
202300042747;155 604 816;A01;1;1;4;1;2002.0;0;1;4;-1;-1; -1;-1;203 749 789;23;7;2023;09:30;1;93;93078;1;1;8;6;AUTOROUTE A104;48,96007000;2,52481000;1;AUTOROUTE A104;0.0;;1;3;0;1;3;299;1;;13,5;2;0;1;90;A01;2;7;4;2;1;1;1;
202100011350;181 441;B01;1;1;4;2;1969.0;0;2;8;-1;-1; -1;-1;240 285;18;10;2021;10:59;1;973;97302;2;1;1;6;HEDER (place);4,9409900000; -52,3337900000;4;HEDER (place);0.0;;1;2;0;1;(1);(1);1;; -1;1;0;1;50;B01;1;2;0;2;8;17;1;
202000047586;154 658 643;B01;1;1;1;2;1990.0;0;1;0;-1;-1; -1;-1;104921;1;12;2020;17:20;1;971;97101;2;3;1;3;LEOPOLD SEDAR SENGHOR (AVENUE);16,2753856; -61,5045547;4;;0.0;;2;2;0;1;0;0;2;; -1;1;0;1;50;B01;1;7;0;2;6;15;1;
202300019839;155 645 379;Z01;1;1;1;-1;;-1;-1;-1;-1;-1; -1;-1;203 804 140;8;8;2023;00:25;5;75;75120;2;2;1;3;RUE DES PYRENEES;48,85270700;2,40612400;4;;-1.0;;2; -1;-1;1; -1; -1;1;; -1;1;0;1;-1;Z01;2;7;0;2;0;15;0;
202100043727;123 528;B01;1;1;1;2;1993.0;5;1;-1;-1;-1;0;-1;163 450;17;4;2021;15:10;1;95;95277;1;1;1;2;A104;48,9727720852;2,4870391365;1;AUTOROUTE A104;0.0;;3;12;0;1;0;100;1;; -1;1;0;1;90;B01;1;7;0;2;6;2;1;
202100032219;144 170;A01;1;1;1;1;1994.0;4;1;0;-1;-1; -1;-1;190 379;25;6;2021;17:25;1;13;13203;2;1;1;2;A557-Liaison A7 Marseille-A55 Marseille;43,3202500000;5,3721900000;1;A557-Liaison A7 Marseille-A55 Marseille;0.0;;-1;2;0;1;0;100;1;; -1;1;0;1;50;A01;1;10;0;2;3;1;1;
202400000711;155 780 491;A01;1;1;1;2;1988.0;1;8;8;-1;-1; -1;-1;203 986 845;30;4;2024;19:10;1;67;67482;2;1;1;1;ALPES (QUAI DES);48,57504000;7,75966000;4;ALPES (QUAI DES);0.0;;3;4;1;1; -1; -1;1;; -1;1;-1;5;50;A01;1;1;0;2;1;17;5;
201900011273;138 285 555;A01;1;1;1;1;1951.0;5;1;8;-1;-1; -1;-1;25447;13;12;2019;08:00;5;31;31555;2;1;3;6;AV DE REYNERIE;43,5709000;1,4053600;4;AV DE REYNERIE;0.0;;1;2;0;1;0;0;1;;;1;0;1;50;A01;3;7;0;1;1;1;1;
201900045740;138 220 101;B01;1;1;1;1;1986.0;9;1;8;-1;-1; -1;-1;103251;2;6;2019;13:20;1;83;83034;1;1;1;5;RUE DES 3 PINS;43,0995800;6,0631700;3;559;0.0;;2;2;0;1;39;750;1;;;1;9;1;50;B01;1;7;0;2;1;0;1;
202200005957;803 400;B01;1;1;1;1;1976.0;1;1;0;-1;0;0;-1;1 085 579;17;10;2022;08:50;1;75;75108;2;5;1;3;AVENUE GEORGE V;48,8700640000;2,3010050000;4;AVENUE GEORGE V;0.0;;2;2;0;1;(1);(1);1;; -1;1;0;1;50;B01;1;7;0;2;3;1;1;
202100050013;112 346;B01;1;1;1;1;1959.0;0;1;0;-1;0;0;-1;148 998;25;2;2021;12:55;1;63;63113;2;1;1;4;BLATIN (RUE);45,7769600000;3,0800800000;4;BLATIN (RUE);0.0;;2;1;3;1;(1);(1);1;; -1;1;0;1;50;B01;1;7;0;2;8;20;1;
202400046036;155 700 709;B01;1;1;3;1;1980.0;1;1;-1;-1;0;0;-1;203 879 306;22;8;2024;06:22;2;41;41220;1;1;5;1;D925;47,72691800;1,65489800;3;925;-1.0;;3;2;0;1; -1; -1;2;;5,5;1;0;1;80;B01;3;7;0;0;1;0;1;
201900033833;138 242 620;B01;2;2;4;2;1969.0;5;1;8;-1;-1;0;-1;76515;30;8;2019;12:29;1;31;31555;1;1;1;4;VA007331 A620;43,5757700;1,4446000;1;620;0.0;;3;6;0;1;12;500;1;;;1;0;1;90;B01;2;7;0;2;4;2;1;
202000041167;154 670 024;A01;1;1;3;1;1973.0;5;8;-1;-1;0;0;-1;90571;17;9;2020;18:55;1;52;52423;1;1;1;7;D674;48,2618840;5,3515860;3;674;-1.0;;2;2;0;1;55;550;2;; -1;1;0;1;90;A01;2;33;0;0;9;1;1;
202200051104;722 996;A01;3;2;3;2;2004.0;5;1;-1;-1;0;0;-1;978 288;13;8;2022;05:15;5;2B;2B050;2;1;1;6;Guazzole;42,5505350000;8,7666390000;4;;-1.0;;2;2;0;1;(1);(1);2;;6;2;0;4;50;A01;3;7;1;0;2;14;1;
202400047810;155 697 598;B01;1;1;4;2;1987.0;0;2;4;-1;-1; -1;-1;203 875 116;5;12;2024;19:05;5;94;94015;2;7;2;3;Avenue Etienne de Silhouette;48,84430400;2,52593200;4;;0.0;;2;2;0;1;1;0;1;; -1;2;0;1;50;B01;3;50;0;2;1;2;3;
202400009555;155 764 956;B01;1;1;4;1;1988.0;0;2;6;-1;0;0;-1;203 966 023;6;7;2024;13:05;1;83;83065;2;3;1;3;Route Departementale 98a;43,26411300;6,62196600;3;98;0.0;A;2;2;0;1;60;930;1;; -1;1;0;1;50;B01;1;33;0;2;1;1;1;
202100000457;200 890;A01;1;1;4;2;1966.0;5;1;5;-1;-1; -1;-1;266 431;14;11;2021;21:30;5;13;13211;2;3;2;3;WILLIAM BOOTH (AVENUE);43,2960000000;5,4480000000;4;WILLIAM BOOTH (AVENUE);0.0;;2;2;1;1;0;0;1;; -1;2;6;1;50;A01;0;7;0;2;8;19;1;
202100005821;191 387;B01;1;1;1;2;1987.0;0;1;-1;-1;0;0;-1;253 481;23;11;2021;19:00;5;35;35059;2;3;8;5;Rue de Rennes;48,1754590000; -1,7294780000;4;;-1.0;;2;0;0;1;(1);(1);1;;0;2;0;1;50;B01;3;7;0;2;7;11;1;
202300032482;155 622 978;B01;1;1;4;2;1985.0;4;1;-1;-1;0;0;-1;203 774 174;26;6;2023;12:30;1;33;33205;1;2;1;3;pk 30 D11;44,62620963; -0,36924510;3;11;0.0;D;2;2;0;1;29;800;1;;4;1;0;1;80;B01;1;10;7;2;2;1;1;
202000046865;154 659 893;B01;1;1;1;1;1967.0;5;1;0;-1;-1; -1;-1;103347;23;7;2020;17:00;1;64;64102;2;1;1;4;HENRI DE NAVARRE (AVENUE);43,4943000; -1,4527000;3;810;0.0;;2;4;0;1;4;400;1;; -1;1;0;1;50;B01;1;7;0;2;4;2;1;
201900037914;138 234 736;B01;1;1;4;1;1985.0;9;2;6;-1;0;0;-1;85670;21;7;2019;01:06;5;75;75119;2;1;1;1;RUE DE LA CLOTURE;48,8973990;2,3929380;4;RUE DE LA CLOTURE;0.0;;-1;2;0;2;0;0;1;;;1;9;1;30;B01;2;32;0;2;1;1;1;
201900052121;138 208 124;B01;2;2;4;2;2018.0;5;3;8;-1;-1; -1;-1;117722;21;8;2019;15:25;1;974;97411;2;3;1;3;CHAUDRON  (BLD 1 DU); -20,8960600;55,4953300;4;CHAUDRON  (BLD 1 DU);0.0;;1;1;0;1;0;0;1;;;1;0;1;50;B01;3;7;0;2;3;1;1;
202000008060;154 728 076;A01;1;1;3;1;1992.0;0;1;-1;-1;0;0;-1;17709;15;10;2020;00:05;3;34;34135;1;1;1;7;D609;43,3039250;3,1583440;3;609;0.0;;2;2;0;1;93;500;1;; -1;1;0;8;80;A01;2;7;13;0;3;0;0;
201900046699;138 218 202;A01;2;2;1;1;1993.0;5;8;-1;-1;0;0;-1;105449;25;8;2019;22:30;3;13;13007;1;1;1;7;A520 PK 1;43,3477240;5,6164950;1;520;;;3;4;0;2;1;0;1;;;1;0;1;110;A01;1;7;0;6;2;0;1;
201900017869;138 273 004;A01;1;1;4;1;1986.0;9;8;0;-1;0;0;-1;40296;2;7;2019;09:20;1;75;75117;2;2;1;6;AVENUE DE LA PORTE DE CHAMPERRET;48,8864130;2,2856320;4;AVENUE DE LA PORTE DE CHAMPERRET;0.0;;1;3;0;1;0;0;1;;;1;0;1;50;A01;1;60;0;2;0;1;5;
202200000002;813 951;A01;1;1;1;1;1970.0;4;1;0;-1;0;0;-1;1 099 699;20;10;2022;08:34;1;25;25204;2;3;1;3;Miranda;46,9258100000;6,3462000000;4;;0.0;;2;2;0;1;(1);(1);1;; -1;1;0;1;50;A01;2;10;0;2;1;1;1;
202300023350;155 639 204;B01;1;1;4;1;1966.0;1;1;-1;-1;0;0;-1;203 795 779;13;10;2023;13:20;1;68;68118;1;1;1;2;A35;47,73816200;7,42293800;1;35;0.0;;3;2;0;1;105;100;1;;10;1;3;1;130;B01;2;10;0;0;4;2;1;
202100036110;137 136;C01;1;1;1;-1;;-1;-1;-1;-1;-1; -1;-1;181 221;6;6;2021;21:00;2;93;93005;2;1;1;4;Boulevard Georges Braque;48,9626000000;2,4721000000;3;GEORGES BRAQUE (BOULEVARD);0.0;;3;4;0;1;0;1;1;; -1;1;0;1;70;C01;0;7;0;2;0;0;0;
201900035765;138 238 854;A01;1;1;1;2;1943.0;5;1;0;-1;0;0;-1;80831;23;2;2019;15:30;1;76;76351;2;3;1;6;BERNARDIN DE SAINT PIERRE;49,4910500;0,1052400;4;BERNARDIN DE SAINT PIERRE;0.0;;2;2;0;1;0;0;1;;;1;0;1;50;A01;0;7;0;1;3;15;1;
202200003577;807 627;A01;2;2;4;2;1984.0;0;1;0;-1;0;0;-1;1 091 255;18;3;2022;23:22;4;34;34032;2;2;2;3;PECH HENRI (AV);43,3553200000;3,2220000000;4;PECH HENRI (AV);0.0;;2;2;0;1;(1);(1);1;; -1;2;0;1;50;A01;1;7;0;2;1;19;1;
202200003318;808 087;A01;10;3;4;2;1987.0;0;0;-1;-1;3;3;2;1 091 863;2;5;2022;09:35;1;01;01053;2;1;7;6;SCHUMAN ( RUE ROBERT);46,2126600000;5,2311300000;4;SCHUMAN ( RUE ROBERT);0.0;;2;2;0;1;(1);(1);1;; -1;1;0;1;50;A01;1;7;0;1;1;1;0;
202200022514;773 914;B01;2;2;4;2;1986.0;9;1;0;-1;-1; -1;-1;1 046 278;29;1;2022;15:05;1;91;91434;1;1;2;2;AUTOROUTE A6;48,6693100000;2,3504600000;1;AUTOROUTE A6;0.0;;3;3;0;2;18;452;1;; -1;2;0;1;110;B01;1;7;0;2;5;2;1;
202400025845;155 736 221;A01;1;1;3;1;2005.0;5;8;0;-1;-1; -1;-1;203 927 491;23;1;2024;21:00;5;13;13212;2;1;1;1;COMTESSE (BOULEVARD DE LA);43,31991000;5,44635000;4;COMTESSE (BOULEVARD DE LA);0.0;;2;2;0;2;0;0;2;; -1;1;0;1;50;A01;2;7;8;0;2;0;1;
201900005577;138 296 043;A01;1;1;4;1;2000.0;0;1;-1;-1;0;0;-1;12583;23;12;2019;00:00;3;88;88011;1;1;2;7;26 Rue du Paquis;48,1204490;6,5332980;2;57;;;3;4;0;1;(1);(1);3;;;2;0;3;110;A01;0;7;2;0;0;1;0;
202300036623;155 615 649;A01;10;3;3;1;1961.0;9;0;-1;-1;5;9;1;203 764 370;3;9;2023;21:00;3;94;94077;2;1;1;6;Rue Jean Pierre Timbaud;48,73283000;2,42992000;9;;0.0;;-1;0;0;1;0;1;1;; -1;1;0;6;30;A01;3;7;0;1;2;26;1;
202300051053;155 589 986;A01;1;1;4;1;1981.0;1;2;8;-1;-1; -1;-1;203 729 808;10;5;2023;17:30;1;75;75112;2;3;1;3;RUE DE CHARENTON;48,84032700;2,38819000;4;;-1.0;;-1; -1;0;1; -1; -1;1;; -1;1;0;1;30;A01;1;1;0;2;4;19;5;
202400053664;155 687 398;A01;2;2;4;2;1960.0;5;1;-1;-1;0;0;-1;203 861 270;8;9;2024;16:55;1;43;43111;1;1;3;7;RN88 - La Sauvetat;44,84503800;3,85534300;2;88;0.0;N;2;2;0;1;88;200;1;;7;2;0;3;80;A01;2;7;0;0;1;13;1;
201900035027;138 240 293;A01;2;2;1;2;2005.0;2;1;-1;-1;0;0;-1;79191;24;6;2019;07:45;1;74;74271;1;1;1;1;Route de la Tassonnière;46,2515025;6,6232932;3;193;;;2;2;0;2;1;900;3;;;1;0;1;80;A01;1;37;0;2;1;1;1;22.0
202400034479;155 721 021;A01;10;3;4;1;1998.0;9;0;0;0;2;3;1;203 906 860;8;11;2024;13:52;1;92;92012;2;1;1;6;DOME (RUE DU);48,83242000;2,24943000;4;DOME (RUE DU);0.0;;1;1;2;1;0;0;1;; -1;1;0;1;30;A01;1;80;0;1;2;1;3;
202300021732;155 642 028;A01;1;1;3;1;1981.0;1;2;6;-1;0;0;-1;203 799 644;21;4;2023;20:24;1;06;06088;1;1;1;6;A8, PK 197.530;43,72866800;7,26044200;1;8;0.0;;3;3;0;2;197;530;3;;14;1;0;3;90;A01;2;32;3;0;2;0;1;
202400000149;155 781 486;B01;1;1;1;1;1979.0;1;8;0;-1;-1; -1;-1;203 988 201;24;3;2024;17:15;1;75;75110;2;3;1;7;BOULEVARD DE MAGENTA;48,87583000;2,35650000;4;BOULEVARD DE MAGENTA;0.0;;2;6;1;1; -1; -1;1;; -1;1;0;1;30;B01;2;7;0;0;3;24;2;
202400015838;155 753 884;B01;1;1;4;1;1992.0;0;2;-1;-1;-1; -1;-1;203 951 275;19;4;2024;21:30;3;35;35238;2;2;1;3;VERDUN (BD DE);48,11872000; -1,68897000;4;;-1.0;;3;2;2;1; -1; -1;1;; -1;1;0;1;30;B01;2;30;0;2;1;1;1;
202200009931;796 305;A01;1;1;1;1;2000.0;0;1;0;-1;-1; -1;-1;1 076 265;11;10;2022;18:00;1;19;19031;2;4;1;3;MELITOPOL (AVENUE DE);45,1605100000;1,5152100000;4;MELITOPOL (AVENUE DE);0.0;;1;1;0;1;0;0;1;; -1;1;0;1;50;A01;1;7;0;2;7;15;1;
202100007938;187 552;A01;1;1;1;1;1968.0;4;1;-1;-1;-1; -1;-1;248 514;16;11;2021;07:50;1;33;33003;1;1;1;3;AUTOROUTE A 10;44,9276300000; -0,4712400000;1;AUTOROUTE A 10;0.0;;3;6;0;1;537;0;1;; -1;1;0;1;130;A01;1;14;0;2;2;12;1;
202100021943;162 403;B01;1;1;1;1;1998.0;5;2;6;-1;0;0;-1;215 479;29;8;2021;22:00;5;06;06027;2;9;1;1;NICE AVENUE DE (RN7);43,6591700000;7,1643900000;7;NICE AVENUE DE (RN7);0.0;;2;2;0;1;(1);(1);1;; -1;1;0;1;50;B01;3;31;0;2;0;0;1;
202400005866;155 771 456;B01;2;2;1;1;1966.0;9;1;0;-1;-1; -1;-1;203 974 765;14;9;2024;11:15;1;974;97416;1;1;1;4;RN1 (ROUTE NATIONALE); -21,32783000;55,45127000;2;RN1 (ROUTE NATIONALE);0.0;;3;4;0;1;83;7;1;; -1;1;0;1;110;B01;1;7;0;2;2;2;1;
201900037288;138 235 961;A01;1;1;4;2;1999.0;5;1;0;-1;-1; -1;-1;84232;25;8;2019;23:00;3;972;97213;1;1;1;3;ROUTE NATIONALE 5;14,5949000; -60,9843000;2; 5;0.0;;2;4;0;1;1;299;1;;;1;0;1;90;A01;1;7;0;2;5;0;1;
202300016727;155 650 935;B01;1;1;4;2;1967.0;5;8;0;-1;-1; -1;-1;203 811 437;15;3;2023;09:30;1;75;75120;2;2;1;3;PORTE DE VINCENNES;48,84688300;2,41387300;4;;-1.0;;1; -1;-1;1; -1; -1;1;; -1;1;0;5;-1;B01;2;1;0;2;8;1;5;
202400021607;155 743 745;A01;1;1;1;2;1940.0;5;1;-1;-1;0;0;-1;203 937 474;17;4;2024;16:30;1;38;38517;2;1;2;6;30 Avenue de la Gare;45,29922400;5,48541500;3;1092;-1.0;;2;2;0;1;198;200;3;; -1;2;0;4;50;A01;1;7;6;1;3;0;1;
201900040614;138 229 807;B01;1;1;1;2;1989.0;4;1;8;-1;-1; -1;-1;91645;18;1;2019;09:00;1;13;13071;1;1;1;4;A55-Sens Martigues vers Marseille;43,3857000;5,3102100;1;55;0.0;;-1;3;0;2;12;0;1;;;1;0;1;110;B01;2;7;3;2;4;2;1;
202300031019;155 625 551;A01;1;1;1;1;2000.0;4;1;-1;-1;0;0;-1;203 777 740;9;10;2023;15:35;1;27;27466;1;2;1;3;D31;49,07716900;0,84615100;3;31;-1.0;;2;2;0;1;19;775;1;;5;1;0;1;80;A01;0;10;0;2;1;19;1;
202300001687;155 677 581;A01;1;1;1;1;1973.0;4;1;-1;-1;0;0;-1;203 847 207;11;10;2023;07:00;1;85;85078;1;3;5;2;RD25C;46,32521870; -0,74034330;3;;-1.0;;2;2;0;1;0;0;3;;4;2;0;1;-1;A01;2;15;0;2;4;26;1;
202100027348;152 837;B01;1;1;4;2;1971.0;0;1;8;-1;-1; -1;-1;202 207;18;7;2021;01:10;5;67;67482;2;3;1;3;OBERHAUSBERGEN (ROUTE D );48,5950000000;7,7101800000;4;OBERHAUSBERGEN (ROUTE D );0.0;;3;2;1;1;0;0;1;; -1;1;0;1;50;B01;2;7;0;2;6;1;1;
202300013258;155 657 023;A01;1;1;1;1;1962.0;9;8;-1;-1;0;0;-1;203 819 546;16;9;2023;17:45;1;01;01450;1;1;1;1;Chemin de Chatillon la Palud;45,94066100;5,22703500;4;;0.0;;2;2;0;1; -1; -1;4;; -1;1;0;1;80;A01;3;7;0;2;3;1;1;
202300030837;155 625 857;A01;1;1;1;1;1981.0;4;1;-1;-1;-1; -1;-1;203 778 141;14;12;2023;13:37;1;69;69388;2;2;2;6;Rue de l'Epargne;45,74169000;4,86056000;4;AUDIBERT ET LAVIROTTE               (R );0.0;;1;2;2;1; -1; -1;1;; -1;2;0;1;30;A01;2;10;0;1;1;15;1;
202400006995;155 769 517;A01;1;1;1;2;1982.0;5;1;8;-1;-1; -1;-1;203 972 132;27;11;2024;18:09;5;19;19031;2;1;1;3;CHAUMEIL (RUE PIERRE);45,15628431;1,50343019;4;CHAUMEIL (RUE PIERRE);0.0;;2;2;0;1; -1; -1;1;; -1;1;0;1;50;A01;3;7;0;2;3;17;1;
202400034541;155 720 905;A01;1;1;1;1;1987.0;1;1;0;-1;-1; -1;-1;203 906 697;20;6;2024;17:00;1;59;59508;2;1;1;1;WATTEEUW (RUE JULES);50,73571000;3,12068000;4;WATTEEUW (RUE JULES);0.0;;2;2;0;1;0;0;1;; -1;1;0;1;30;A01;1;10;0;1;1;1;1;
202100017062;171 128;A01;1;1;4;2;1971.0;9;1;0;-1;0;0;-1;226 888;24;9;2021;23:40;5;75;75110;2;2;1;4;QUAI DE VALMY;48,8686550000;2,3670640000;4;QUAI DE VALMY;0.0;;1;3;0;1;(1);(1);1;; -1;1;0;1;30;A01;2;7;0;2;4;23;1;
201900017698;138 273 353;A01;4;2;4;1;2009.0;5;1;0;-1;-1; -1;-1;39898;4;8;2019;00:15;3;13;13019;1;1;1;3;A51-Sens Marseille vers Aix en Provence;43,4390300;5,3964100;1;51;0.0;;1;3;0;2;4;500;1;;;1;0;1;90;A01;1;7;0;2;6;1;1;
202200026491;766 802;A01;1;1;4;2;1997.0;5;1;0;-1;0;0;-1;1 036 831;14;12;2022;22:45;5;54;54280;2;1;1;7;FRANCHEPRE (RUE DE);49,2291000000;6,0185900000;3;FRANCHEPRE (RUE DE);0.0;;2;2;0;2;(1);(1);1;; -1;1;0;1;50;A01;1;7;0;0;0;0;1;
202400023301;155 740 727;B01;1;1;1;1;1962.0;0;1;0;0;-1; -1;-1;203 933 495;8;3;2024;19:30;5;92;92046;2;9;1;7;PIERRE BROSSOLETTE (AVENUE);48,81865041;2,30915308;3;PIERRE BROSSOLETTE (AVENUE);0.0;;1;0;0;1;0;0;1;; -1;1;0;1;50;B01;1;7;0;0;0;0;0;
202100044074;122 894;A01;1;1;1;2;2001.0;0;1;-1;-1;0;0;-1;162 628;14;4;2021;18:30;5;971;97109;2;1;1;5;Avenue du General de Gaulle;15,9969290000; -61,6942080000;2;1;-1.0;N;2;2;0;4;4;650;1;; -1;1;0;1;70;A01;1;7;0;2;3;17;1;
202200027695;764 619;A01;1;1;1;1;1962.0;5;1;0;-1;-1; -1;-1;1 033 910;21;1;2022;18:17;2;66;66136;2;1;1;1;;42,6887100000;2,9101600000;4;;0.0;;2;2;0;1;(1);(1);1;; -1;1;0;1;50;A01;2;7;0;2;1;15;1;
202400011447;155 761 604;A01;1;1;1;1;1994.0;5;1;-1;-1;0;0;-1;203 961 583;16;3;2024;05:50;3;21;21423;1;1;1;2;A6, PK 307+700, sens PARIS / LYON;46,99215400;4,85476200;1;A6;0.0;A;3;4;0;1;307;700;1;;17;1;0;1;130;A01;1;7;0;2;1;1;1;
202400054067;155 686 684;A01;1;1;4;2;1983.0;5;2;6;-1;0;0;-1;203 860 329;15;8;2024;18:30;2;39;39018;1;1;8;6;;46,35208200;5,48904400;9;;-1.0;;2;2;0;2; -1; -1;3;; -1;6;0;8;80;A01;1;36;13;0;7;1;1;
202200008178;799 410;A01;1;1;1;-1;;-1;-1;-1;-1;0;0;-1;1 080 354;14;10;2022;20:40;5;35;35238;2;6;3;6;KENNEDY (COURS JOHN-FITZGERALD);48,1213300000; -1,7043600000;4;KENNEDY (COURS JOHN-FITZGERALD);0.0;;2;2;0;1;(1);(1);1;; -1;2;0;1;50;A01;0;0;0;1;1;0;0;
201900034953;138 240 433;E01;1;1;1;2;1984.0;5;1;0;-1;0;0;-1;79005;5;11;2019;09:20;1;75;75114;2;1;1;4;BD PERIPHERIQUE EXTERIEUR;48,8245790;2,3050680;4;BD PERIPHERIQUE EXTERIEUR;0.0;;1;3;0;1;6;900;1;;;1;1;1;70;E01;2;7;0;2;7;1;1;
202400050690;155 692 503;A01;1;1;3;1;1994.0;9;2;0;-1;0;0;-1;203 868 189;4;5;2024;02:13;5;75;75109;2;3;1;1;RUE DE DOUAI;48,88342200;2,32987100;4;PLACE ADOLPHE MAX;0.0;;1;1;0;1; -1; -1;1;; -1;1;0;1;30;A01;2;43;0;2;2;1;1;
202200005703;803 840;A01;2;2;4;1;1997.0;0;1;0;-1;-1; -1;-1;1 086 225;30;10;2022;15:10;1;13;13026;1;1;1;5;CD 9;43,3856200000;5,1921700000;4;CD 9;0.0;;-1;1;0;1;(1);(1);2;; -1;1;0;3;80;A01;1;7;8;0;9;17;0;
202200010308;795 642;B01;1;1;4;2;1970.0;5;1;-1;-1;-1; -1;-1;1 075 385;8;2;2022;17:40;1;04;04112;2;3;1;3;Bd St Joseph / rue Berthelot;43,8244500000;5,7978000000;4;SAINT JOSEPH(BOULEVARD);0.0;;2;2;0;1;(1);(1);1;; -1;1;0;1;50;B01;2;7;0;2;7;0;1;
202100046363;118 896;A01;1;1;1;1;1995.0;5;1;0;-1;0;0;-1;157 380;27;3;2021;12:45;1;75;75114;2;4;1;3;BOULEVARD PERIPHERIQUE EXTERIEUR SUD;48,8246640194;2,3046140542;4;BOULEVARD PERIPHERIQUE EXTERIEUR SUD;0.0;;1;3;0;1;(1);(1);1;; -1;1;1;1;70;A01;2;10;0;2;8;9;1;
202000026623;154 695 406;A01;1;1;4;1;2003.0;9;2;6;-1;-1; -1;-1;58702;11;2;2020;18:10;1;09;09122;2;1;1;6;LECLERC (AVENUE DU GENERAL);42,9698260;1,6080760;3;LECLERC (AVENUE DU GENERAL);0.0;;1;1;0;1;49;275;1;; -1;1;9;8;70;A01;1;32;9;0;2;14;1;
202000012937;154 719 551;A01;1;1;1;1;1992.0;5;2;6;9;0;0;-1;28542;26;1;2020;15:00;1;67;67242;1;1;5;7;D91;48,8239682;7,5351696;3;91;0.0;;2;2;0;2;1;900;2;; -1;7;0;1;80;A01;1;33;0;0;8;15;1;
202000015412;154 715 193;B01;1;1;4;1;1991.0;5;1;0;-1;-1; -1;-1;34039;14;6;2020;19:30;1;69;69256;2;2;1;3;DROITS DE L'HOMME (DES)             (R );45,7636700;4,9332200;4;DROITS DE L'HOMME (DES)             (R );0.0;;3;4;0;1;0;0;1;; -1;1;5;1;50;B01;3;7;0;2;6;16;1;
202000011956;154 721 221;A01;1;1;3;1;1967.0;0;8;-1;-1;0;0;-1;26321;12;10;2020;22:20;3;988;98825;1;1;2;2;Lieu-dit BELLE-BOSSE; -21,2418820;164,9119310;2;1;0.0;;2;2;0;4;245;990;1;; -1;2;0;1;110;A01;2;7;0;2;3;1;1;
202400047586;155 697 987;Z01;1;1;1;-1;;-1;-1;-1;-1;-1; -1;-1;203 875 644;12;8;2024;08:05;1;38;38053;2;6;1;2;avenue de l'Isle-d'Abeau;45,60725825;5,25365371;3;ISLE D'ABEAU (ROUTE DE);0.0;;2;1;0;1;3;700;1;; -1;1;0;1;50;Z01;1;7;0;2;1;1;1;
201900021961;138 265 282;A01;1;1;1;1;1987.0;4;1;0;-1;0;0;-1;49669;13;3;2019;12:20;1;91;91216;1;1;8;2;AUTOROUTE A6;48,6822800;2,3299800;1;6;0.0;;3;6;0;1;16;299;1;;;1;0;1;110;A01;2;7;0;2;1;1;1;
201900008051;138 291 410;A01;10;3;4;1;1997.0;9;8;0;-1;1;5;1;18191;23;3;2019;02:20;5;75;75119;2;1;1;6;AVENUE CORENTIN CARIOU;48,8950280;2,3826320;4;AVENUE CORENTIN CARIOU;0.0;;2;3;0;1;0;0;1;;;1;0;1;50;A01;1;7;0;1;2;1;1;
202300036952;155 615 067;B01;1;1;4;1;1992.0;1;2;6;-1;-1; -1;-1;203 763 588;14;1;2023;20:35;5;75;75113;2;4;3;2;QUAI D IVRY;48,82583445;2,38728136;4;;-1.0;;1; -1;-1;1; -1; -1;1;; -1;2;0;1;-1;B01;2;33;0;2;4;2;1;
202300043911;155 602 688;B01;1;1;4;1;1969.0;4;1;-1;-1;0;0;-1;203 746 861;21;2;2023;06:45;2;41;41289;1;1;1;1;RD 74;47,87820300;1,55880300;3;74;-1.0;;2;2;0;3;4;650;1;; -1;1;0;1;80;B01;2;13;0;2;1;1;1;
202300047345;155 596 552;A01;1;1;1;2;1993.0;9;1;0;-1;-1; -1;-1;203 738 609;31;10;2023;14:20;1;75;75116;2;2;1;3;BOULEVARD EMILE AUGIER;48,86296000;2,27265500;4;BOULEVARD EMILE AUGIER;0.0;;1;1;0;1; -1; -1;1;; -1;1;0;1;50;A01;3;7;0;2;2;1;6;
202200018173;781 662;A01;1;1;1;1;1992.0;0;1;0;-1;-1; -1;-1;1 056 701;8;10;2022;15:20;1;64;64483;2;1;1;2;Avenue André Ithurralde;43,3940500000; -1,6502000000;3;ITHURRALDE ANDRE (AVENUE);0.0;;2;2;0;1;25;52;1;; -1;1;0;1;50;A01;1;7;0;2;1;2;1;
202000005850;154 731 960;A01;1;1;4;1;1994.0;0;2;6;-1;-1; -1;-1;12842;21;7;2020;18:30;1;94;94019;2;9;1;1;CROIX SAINT VINCENT (CHE DE LA);48,8009300;2,5278700;4;CROIX SAINT VINCENT (CHE DE LA);0.0;;2;1;0;2;0;1;2;; -1;1;0;1;50;A01;3;33;0;2;1;16;6;
201900038294;138 234 085;A01;1;1;1;1;1959.0;1;1;0;-1;0;0;-1;86471;10;5;2019;08:30;1;75;75116;2;1;1;6;AVENUE KLEBER;48,8697670;2,2921340;4;AVENUE KLEBER;0.0;;2;3;0;1;0;0;1;;;1;9;1;50;A01;2;7;0;2;3;10;1;
202200047126;730 069;A01;1;1;4;1;1960.0;1;2;6;-1;0;0;-1;987 582;25;10;2022;12:45;1;75;75115;2;1;1;2;PORTE DE SEVRES;48,8318970000;2,2816900000;4;PORTE DE SEVRES;0.0;;1;4;0;1;8;800;1;; -1;1;0;1;70;A01;2;43;0;2;1;2;1;
202400008806;155 766 297;B01;1;1;1;2;2007.0;5;1;0;-1;-1; -1;-1;203 967 796;27;12;2024;19:30;5;77;77018;2;1;1;3;BD DE L EUROPE;48,85225000;2,79496000;3;BD DE L EUROPE;0.0;;3;4;0;1;1;651;1;; -1;1;0;1;70;B01;1;7;9;2;1;17;1;
202100034529;140 010;A01;1;1;1;1;1983.0;0;1;-1;-1;0;0;-1;184 987;15;6;2021;17:35;1;76;76069;1;9;1;3;D6015;49,3766140000;1,1255940000;7;6015;-1.0;D;2;3;0;1;6;100;1;; -1;1;0;1;70;A01;1;7;0;2;8;10;1;
201900029261;138 251 310;A01;10;3;3;2;1933.0;0;0;-1;-1;3;3;1;66175;10;11;2019;11:30;1;6;06004;2;1;1;6;AMES DU PURGATOIRE CH.DES;43,5935830;7,0939430;7;AMES DU PURGATOIRE CH.DES;0.0;;2;0;0;2;0;0;1;;;1;9;1;50;A01;2;33;0;2;3;9;0;
202000018590;154 709 551;A01;2;2;4;2;1970.0;0;1;0;-1;-1;0;-1;41161;22;1;2020;18:00;5;94;94079;2;3;1;3;GENERAL GALLIENI (RUE DU);48,8256598;2,5405208;3;233;0.0;;2;2;0;1;0;0;1;;5;1;0;1;50;A01;1;7;0;2;7;1;1;
202300004898;155 671 857;A01;1;1;1;2;1996.0;3;1;0;-1;-1; -1;-1;203 839 625;8;7;2023;11:56;1;57;57591;2;6;1;3;POINCARE (RUE RAYMOND);49,25653000;6,10650000;3;MARNE (CHEMIN DE LA);0.0;;1;2;0;1;0;0;1;;7;1;0;1;50;A01;2;7;0;2;3;9;1;
201900046086;138 219 405;A01;1;1;4;1;1998.0;1;1;-1;-1;0;0;-1;104032;31;10;2019;07:30;1;63;63471;1;1;2;6;D987;46,1280970;2,8473330;3;987;0.0;;2;2;0;1;9;800;1;;;2;0;1;80;A01;1;7;8;0;2;1;0;
202300003863;155 673 729;A01;1;1;3;1;1957.0;5;0;-1;-1;0;0;-1;203 842 100;13;7;2023;19:30;1;71;71477;1;1;1;7;Impasse des Rolands;46,61786500;4,40008900;4;;0.0;;-1;1;0;2; -1; -1;1;; -1;9;0;1;80;A01;3;36;0;0;9;1;1;
202100018453;168 646;B01;2;2;4;2;1973.0;5;1;-1;-1;0;0;-1;223 614;17;9;2021;20:40;3;51;51171;1;1;1;1;D944;49,3691096714;3,9263050124;3;944;-1.0;;2;2;0;1;3;200;1;; -1;1;0;1;90;B01;1;7;0;2;3;1;1;
202100049406;113 443;B01;1;1;3;1;2003.0;5;2;6;-1;-1; -1;-1;150 408;8;1;2021;14:30;1;02;02659;2;1;1;3;CHARLES BENOÎT ET ABEL BARDIN (AVENUE);49,8678550000;3,3259760000;4;CHARLES BENOÎT ET ABEL BARDIN (AVENUE);0.0;;2;2;0;2;0;0;3;; -1;1;0;1;50;B01;2;30;0;2;9;1;1;
202200015728;786 060;A01;1;1;1;1;2001.0;0;1;0;-1;-1; -1;-1;1 062 577;6;9;2022;20:05;5;91;91114;1;1;1;6;PL DE LA PYRAMIDE;48,6833440000;2,4906040000;4;PL DE LA PYRAMIDE;0.0;;-1;4;0;1;0;100;1;; -1;1;0;1;50;A01;1;7;0;1;2;0;1;
202400042239;155 707 356;B01;1;1;1;1;2002.0;1;1;0;-1;0;0;-1;203 888 393;6;12;2024;17:40;3;95;95394;1;1;1;2;N184;49,05142883;2,15170383;2;RN 184;0.0;;3;4;0;1;6;822;1;; -1;1;0;1;90;B01;2;7;0;2;4;2;1;
202400046410;155 700 023;C01;1;1;1;1;2000.0;1;1;0;-1;0;0;-1;203 878 418;4;12;2024;18:20;2;95;95491;1;1;1;4;A115;48,99915368;2,24653374;1;AUTOROUTE A115;0.0;;3;2;0;1;3;99;1;;10,5;1;0;1;90;C01;2;7;0;2;4;2;1;
202200042734;737 881;A01;5;2;4;2;1998.0;5;1;0;-1;-1; -1;-1;997 976;19;8;2022;22:55;5;37;37261;2;1;8;6;ALOUETTE (AVENUE);47,3623593892;0,6958803535;4;ALOUETTE (AVENUE);0.0;;2;4;0;4;(1);(1);3;; -1;2;0;1;50;A01;1;7;4;0;8;13;1;
202100046548;118 576;B01;1;1;3;1;1969.0;1;2;0;-1;0;0;-1;156 991;26;3;2021;07:45;1;06;06027;2;3;1;6;NICE AVENUE DE (RN7);43,6562100000;7,1550000000;7;NICE AVENUE DE (RN7);0.0;;2;3;0;1;(1);(1);1;; -1;1;0;1;50;B01;2;33;0;2;1;26;1;
202100036287;136 818;A01;1;1;1;2;1971.0;3;1;0;-1;-1; -1;-1;180 803;5;6;2021;11:15;1;92;92071;2;1;1;6;HOUDAN (RUE);48,7774649521;2,2946995497;3;60;0.0;;1;1;0;1;0;0;1;; -1;1;0;1;30;A01;2;7;8;1;5;20;1;
202400013487;155 758 030;A01;1;1;1;2;1971.0;5;1;0;-1;-1; -1;-1;203 956 846;21;2;2024;18:51;1;22;22360;1;6;2;3;ARMOR (RUE D');48,48383000; -2,73488000;4;ARMOR (RUE D');0.0;;1;1;0;1;1;0;2;; -1;2;0;1;50;A01;1;7;0;2;3;9;1;
201900030225;138 249 461;A01;9;2;4;2;1989.0;1;8;0;-1;0;0;-1;68375;25;6;2019;08:35;1;91;91312;2;1;1;7;KENNEDY (AVENUE DU PRESIDENT);48,7381300;2,2298100;4;KENNEDY (AVENUE DU PRESIDENT);0.0;;2;2;0;1;0;0;2;;;1;0;1;30;A01;1;37;0;2;0;1;1;4.0
202000033715;154 683 173;A01;2;2;4;2;1979.0;0;1;0;-1;-1; -1;-1;74095;27;9;2020;14:55;1;59;59178;2;1;8;6;RD 643;50,3746500;3,0660200;3;RD 643;0.0;;2;2;0;1;62;194;1;; -1;2;0;1;50;A01;2;7;2;0;1;9;1;
201900029911;138 250 092;A01;1;1;3;1;1962.0;9;1;-1;-1;0;0;-1;67674;25;1;2019;16:20;1;79;79049;1;1;1;1;;46,8568290; -0,4430400;3;938;3.0;;2;2;0;2;25;56;1;;64.0;1;0;1;80;A01;2;7;0;2;1;13;1;
202400053353;155 687 939;A01;1;1;3;1;1994.0;0;2;6;-1;-1; -1;-1;203 862 038;13;2;2024;07:55;2;35;35238;2;1;1;1;DESGREES (BD PAUL HUTIN);48,09387000; -1,63862000;4;DESGREES (BD PAUL HUTIN);0.0;;2;2;1;1; -1; -1;1;; -1;1;0;1;30;A01;3;30;0;2;1;13;1;
202400053416;155 687 832;A01;1;1;4;1;1989.0;0;2;0;-1;-1; -1;-1;203 861 895;23;10;2024;16:50;1;974;97407;1;1;1;2;ROUTE NATIONALE N° 1; -20,94293000;55,32740000;2;ROUTE NATIONALE N° 1;0.0;;3;5;0;1;16;555;1;; -1;1;0;1;110;A01;2;33;0;2;1;2;1;
202000015785;154 714 516;B01;2;2;1;1;1968.0;1;1;0;-1;-1; -1;-1;34930;11;8;2020;08:05;1;60;60175;1;1;1;5;RD 201_SORTIE 201_ACCES BD S.ALLENDE;49,2456000;2,4693000;3;201;0.0;;2;2;0;1;2;350;1;; -1;1;3;1;80;B01;1;7;0;2;3;21;0;
202200032475;756 054;B01;1;1;4;2;1961.0;0;2;8;-1;-1;0;-1;1 022 565;8;12;2022;20:15;5;974;97416;2;1;1;3;LORION(RUE LUC); -21,3332300000;55,4716100000;4;LORION(RUE LUC);0.0;;-1;2;0;2;1;0;1;; -1;1;0;1;50;B01;1;31;0;2;8;1;0;
202000045782;154 661 836;A01;1;1;1;1;2001.0;5;2;8;-1;-1; -1;-1;100903;2;12;2020;18:35;5;69;69389;2;1;1;6;DUMAS DE LOIRE                      (PL);45,7730800;4,8054000;4;DUMAS DE LOIRE                      (PL);0.0;;2;2;3;1;0;0;1;; -1;1;9;6;50;A01;2;30;0;1;1;1;1;
202400008850;155 766 222;B01;1;1;1;1;1966.0;9;1;-1;-1;0;0;-1;203 967 696;26;10;2024;03:11;5;74;74002;2;1;1;1;Route d'annecy;45,82019000;6,03324800;3;1201;0.0;;3;0;0;2;6;480;2;;0;1;0;1;50;B01;2;7;0;0;1;1;1;
202300006919;155 668 255;B01;1;1;4;1;1970.0;1;2;8;-1;-1; -1;-1;203 834 838;13;11;2023;07:00;5;74;74010;2;9;2;2;ANJOT (AVENUE DU CAPITAINE);45,89570000;6,09010000;4;ANJOT (AVENUE DU CAPITAINE);0.0;;-1;1;0;2; -1; -1;2;; -1;2;0;1;50;B01;1;2;0;2;4;2;1;
202200007612;800 424;A01;1;1;3;1;1997.0;5;8;0;-1;-1; -1;-1;1 081 684;19;3;2022;08:15;1;37;37261;2;2;1;7;NATIONALE (RUE);47,3911553825;0,6884050369;4;NATIONALE (RUE);0.0;;2;2;3;1;(1);(1);1;; -1;1;9;6;10;A01;1;50;8;0;0;25;3;
201900045759;138 220 053;B01;1;1;1;1;1995.0;5;1;0;-1;0;0;-1;103293;2;6;2019;18:18;1;80;80021;2;1;1;3;4, AV DE LA PAIX;49,9116500;2,3079000;4;PAIX (AVENUE DE LA);0.0;;2;2;0;1;0;0;1;;;1;0;1;50;B01;0;7;0;2;8;15;1;
202300034212;155 619 916;B01;1;1;1;1;1999.0;0;1;-1;-1;-1; -1;-1;203 770 021;28;2;2023;19:35;5;76;76540;2;3;1;3;Avenue de la Grand Mare;49,45487000;1,13590000;7;GRAND MARE. AVENUE DE LA;0.0;;2;4;0;2;0;0;1;; -1;1;0;1;50;B01;3;7;0;2;1;1;1;
202300027959;155 631 019;A01;1;1;3;2;1955.0;9;1;-1;-1;0;0;-1;203 785 010;18;1;2023;07:50;2;86;86261;1;3;1;1;Route de Saint Julien l'Ars;46,56022200;0,48312700;3;18;-1.0;;2;2;0;2;44;820;1;; -1;1;0;1;80;A01;2;7;0;2;2;15;1;
201900009474;138 288 780;B01;1;1;1;1;1994.0;4;1;-1;-1;0;0;-1;21370;15;9;2019;18:30;1;49;49347;1;2;1;3;D68 lieu dit Champagne;47,6263310; -0,4509560;3;68;;;2;2;0;1;15;300;1;;;1;5;1;80;B01;1;10;0;2;1;1;1;
202400008543;155 766 763;A01;2;2;1;2;2001.0;0;1;0;-1;-1; -1;-1;203 968 441;3;11;2024;19:55;5;971;97113;2;3;1;7;Chemin de la BOUAYE;16,21799000; -61,49073000;2;Chemin de la BOUAYE;0.0;;2;2;0;1;0;0;1;; -1;1;0;8;50;A01;1;7;0;0;9;15;1;
202300035413;155 617 802;B01;1;1;4;1;1998.0;0;2;6;-1;-1; -1;-1;203 767 210;27;7;2023;18:00;1;94;94043;2;1;2;2;Rue Gabriel Péri;48,81144000;2,35128000;3;126A;0.0;;1;1;0;4;0;0;1;; -1;2;0;1;50;B01;1;32;0;2;4;2;1;
202200017518;782 861;A01;1;1;2;1;1943.0;0;1;-1;-1;0;0;-1;1 058 312;13;3;2022;15:45;1;41;41234;1;2;8;3;La Nivocherie;47,5880900000;1,0735650000;3;766;0.0;;2;2;0;1;21;726;1;; -1;2;0;1;90;A01;2;7;0;2;7;26;1;
201900052277;138 207 800;B01;4;2;1;2;1985.0;5;1;0;-1;-1;0;-1;118097;28;3;2019;17:15;1;35;35238;1;1;1;4;RN136;48,1032200; -1,7165500;2;136;0.0;;3;4;0;1;13;720;1;;;1;0;1;90;B01;2;7;0;2;6;1;1;
201900008026;138 291 457;A01;2;1;4;1;1996.0;5;2;6;-1;0;0;-1;18137;23;3;2019;18:35;2;75;75118;2;1;1;6;PORTE D AUBERVILLIERS;48,9006820;2,3670730;4;BD PERIPHERIQUE INTERIEUR;0.0;;1;4;0;1;23;600;1;;;1;0;1;70;A01;1;31;0;2;7;21;1;
202300012302;155 658 701;B01;8;2;3;2;2001.0;9;1;-1;-1;0;0;-1;203 821 818;28;12;2023;21:14;5;37;37266;1;1;8;2;Autoroute 85, Péage de Veigné, sens ANGERS-VIERZON;47,31187612;0,73460340;1;85;-1.0;;3;0;0;1;103;900;1;;0;2;7;1;70;B01;1;7;4;0;4;23;1;
202200033360;754 477;Z01;10;3;4;1;1982.0;9;0;-1;-1;5;9;1;1 020 445;10;4;2022;03:05;5;75;75104;2;3;1;6;RUE DE FOURCY;48,8553487082;2,3595882207;4;RUE DE FOURCY;0.0;;2;2;0;1;(1);(1);1;; -1;1;0;1;30;Z01;1;7;0;1;0;20;2;
202300045678;155 599 512;A01;10;3;4;1;1945.0;0;0;-1;-1;2;3;1;203 742 603;20;2;2023;14:10;1;93;93005;2;1;1;6;Avenue du 14 Juillet;48,92939000;2,49760700;4;QUATORZE JUILLET (AVENUE DU);0.0;;2;2;0;1;0;0;1;; -1;1;0;1;50;A01;0;7;0;2;2;1;0;
202100005321;192 277;B01;2;2;4;2;2004.0;5;1;-1;-1;-1; -1;-1;254 664;1;12;2021;15:05;1;33;33162;2;1;1;4;Avenue du Médoc;44,8839100000; -0,6335700000;4;AVE DU MEDOC;0.0;;2;2;1;1;(1);(1);1;; -1;1;0;1;50;B01;1;7;0;2;4;1;1;
202300038795;155 611 808;A01;1;1;3;2;2003.0;5;1;-1;-1;0;0;-1;203 759 077;1;10;2023;14:45;1;85;85210;1;1;1;6;RD 978;46,83272400; -1,60802200;3;;-1.0;;2;2;0;1;4;880;1;;7;1;0;3;80;A01;2;7;13;0;2;1;1;
202300045949;155 599 029;B01;1;1;1;2;1963.0;0;1;0;-1;0;0;-1;203 741 935;29;8;2023;12:20;1;47;47001;2;2;1;3;MICHELET (AV.);44,19911000;0,63630000;3;JEAN JAURES (Avenue)  ;0.0;;2;2;1;1;14;622;1;; -1;1;0;1;50;B01;1;7;8;2;7;1;1;
202400000611;155 780 666;A01;1;1;4;2;1964.0;1;1;-1;-1;-1; -1;-1;203 987 092;13;8;2024;13:15;1;69;69290;2;1;1;4;Avenue Pierre Cot;45,70814000;4,89922000;4;PIERRE COT                          (AV);0.0;;2;2;1;1; -1; -1;1;; -1;1;0;1;50;A01;1;7;0;2;1;1;1;
202400050965;155 692 042;B01;1;1;1;1;1943.0;0;1;-1;-1;0;0;-1;203 867 556;4;12;2024;16:40;5;80;80721;2;3;2;1;Rue du Chantier;50,17973600;1,64381100;3;;-1.0;;2;2;0;1; -1; -1;2;;5,5;2;0;1;50;B01;2;7;0;2;7;15;3;
202100053814;105 561;B01;1;1;3;1;1925.0;5;1;-1;-1;0;0;-1;140 177;22;1;2021;17:10;1;22;22384;1;1;1;4;C4 - ZA de Berlouze -;48,2875260000; -2,8272630000;4;4;-1.0;;2;2;0;2;(1);(1);1;; -1;1;0;1;-1;B01;3;7;0;2;3;1;1;
202300042555;155 605 162;A01;10;3;4;2;1944.0;0;0;-1;-1;3;3;1;203 750 257;7;12;2023;10:45;1;29;29232;2;1;3;6;Rue Francois le Guiner;47,98629500; -4,07951000;4;LE GUINER FRANCOIS RUE;0.0;;2;2;0;1; -1; -1;1;; -1;2;0;1;50;A01;0;10;0;1;3;15;1;
201900005328;138 296 503;A01;10;3;3;2;1948.0;5;0;-1;-1;1;3;1;12001;27;11;2019;17:50;3;79;79157;2;1;2;6;18 Rue des Pineaux;46,9957330; -0,1863440;3;63;;E;2;2;0;1;0;194;1;;68.0;2;0;1;50;A01;1;7;0;1;2;2;1;
202200048951;726 833;A01;1;1;3;1;1937.0;9;0;-1;-1;0;0;-1;983 317;10;6;2022;10:45;1;08;08185;2;1;1;6;;49,9926345445;4,7010074258;3;8051;0.0;D;-1;2;0;2;(1);(1);3;; -1;1;0;1;50;A01;1;7;6;0;6;4;1;
202000033852;154 682 946;B01;1;1;4;2;1983.0;1;2;8;-1;-1; -1;-1;74383;10;12;2020;22:35;5;59;59350;2;2;1;3;ANCIENNE BALATERIE RUE DE L;50,6357647;3,0095000;4;RUE DE L ANCIENNE BALATERIE  ;0.0;;2;2;2;1;0;0;1;; -1;1;0;1;50;B01;1;50;0;2;7;0;3;
202300036970;155 615 034;Z01;1;1;1;-1;;-1;-1;-1;-1;-1; -1;-1;203 763 542;14;1;2023;18:32;5;75;75101;2;2;1;3;BOULEVARD DE SEBASTOPOL;48,86057700;2,34941000;4;BOULEVARD DE SEBASTOPOL;0.0;;1;5;1;1; -1; -1;1;; -1;1;-1;5;30;Z01;1;7;0;2;6;22;2;
202100010676;182 635;B01;1;1;4;1;1972.0;0;1;0;-1;-1; -1;-1;241 848;28;10;2021;05:30;3;93;93064;1;1;8;2;AUTOROUTE A86;48,8860500000;2,4727700000;1;AUTOROUTE A86;0.0;;-1;9;0;1;25;899;3;; -1;1;0;1;70;B01;1;7;0;2;4;23;1;
202300044535;155 601 552;A01;3;2;1;1;2004.0;9;1;0;-1;-1; -1;-1;203 745 369;6;12;2023;15:10;1;28;28404;2;2;1;3;DUPONT (RUE ARMAND);48,72010000;1,36196000;4;DUPONT (RUE ARMAND);0.0;;2;2;0;1; -1; -1;1;; -1;1;0;1;30;A01;3;7;0;2;1;1;1;
202200045623;732 742;B01;1;1;4;1;1976.0;1;2;6;-1;-1; -1;-1;991 126;11;1;2022;07:30;3;94;94038;1;1;1;2;AUTOROUTE A6A;48,7732600000;2,3457700000;1;AUTOROUTE A6A;0.0;;3;6;0;1;5;230;2;; -1;1;0;1;90;B01;2;33;0;2;4;2;1;
202000009102;154 726 252;B01;2;2;4;1;1985.0;5;1;8;-1;0;0;-1;20002;18;8;2020;12:00;1;63;63164;2;1;1;4;MITTERRAND ( Avenue François);45,8176901;3,1539807;7;210;0.0;;2;2;0;1;(1);(1);1;; -1;1;0;1;50;B01;1;7;0;2;4;23;1;
202300016615;155 651 133;B01;1;1;3;1;1964.0;0;2;-1;-1;0;0;-1;203 811 679;16;3;2023;17:00;1;974;97415;2;1;1;2;N1a; -21,03927100;55,21892700;2;1;-1.0;A;2;2;1;2;37;0;3;;7;1;0;1;70;B01;2;33;0;2;3;21;1;
202000010032;154 724 602;A01;1;1;1;1;1945.0;5;1;-1;-1;0;0;-1;22108;19;8;2020;11:20;1;34;34157;2;1;1;6;40 Route de Montpellier;43,4300790;3,6096310;3;613;-1.0;;2;2;0;1;56;600;1;; -1;1;0;1;50;A01;1;7;0;1;1;1;1;
201900040384;138 230 221;B01;2;2;4;2;1987.0;5;1;0;-1;-1;0;-1;91126;20;6;2019;16:30;1;67;67482;1;1;1;2;Autoroute A.35;48,5553100;7,7326900;1;35;0.0;;3;3;0;1;305;799;1;;;1;0;1;90;B01;2;7;0;2;1;2;1;
202300032443;155 623 055;A01;1;1;1;1;1976.0;1;1;0;-1;-1; -1;-1;203 774 315;10;11;2023;18:05;5;75;75118;2;2;2;6;RUE MYRHA;48,88670400;2,35073600;4;RUE DES POISSONNIERS;0.0;;1;1;0;1; -1; -1;1;; -1;2;0;1;30;A01;2;7;0;1;3;15;1;
202300035714;155 617 243;A01;1;1;4;2;1998.0;0;1;8;-1;0;0;-1;203 766 522;8;11;2023;13:10;1;06;06030;2;1;1;2;SADI CARNOT (BOULEVARD);43,57121380;7,01608250;4;SADI CARNOT (BOULEVARD);0.0;;2;3;0;1;0;0;1;; -1;1;0;1;50;A01;3;7;0;2;1;2;0;
202400014041;155 757 043;B01;1;1;1;1;1979.0;1;1;-1;-1;-1; -1;-1;203 955 476;20;4;2024;19:05;1;33;33522;2;6;1;1;;44,81250000; -0,59079000;4;GAMBETTA (CRS );0.0;;4;3;3;1; -1; -1;2;; -1;1;0;6;50;B01;3;7;0;2;7;0;2;
202100051654;109 361;A01;10;3;4;1;1995.0;9;0;-1;-1;4;3;1;145 149;12;2;2021;15:20;1;91;91645;2;1;1;6;FOCH (BOULEVARD DU MARECHAL);48,7446200000;2,2673500000;4;FOCH (BOULEVARD DU MARECHAL);0.0;;2;2;0;1;0;0;1;; -1;1;0;1;50;A01;3;7;0;1;1;26;1;
201900005846;138 295 561;B01;2;2;1;2;1975.0;0;1;8;-1;-1;0;-1;13201;19;6;2019;12:45;1;13;13047;1;1;1;6;RN 569;43,5329330;4,9592160;2;569;0.0;;2;2;0;1;0;0;1;;;1;0;1;80;B01;1;7;0;2;8;1;1;
202400040107;155 711 097;B01;1;1;1;1;1975.0;9;8;-1;-1;0;0;-1;203 893 563;17;6;2024;17:10;1;68;68154;2;1;1;2;Quai de Rotterdam;47,76574600;7,38200800;4;;0.0;;2;2;0;1; -1; -1;1;; -1;1;9;1;50;B01;3;17;0;0;6;24;1;
202100035505;138 248;A01;1;1;4;1;1988.0;1;1;0;-1;-1; -1;-1;182 642;9;6;2021;11:40;1;35;35238;2;1;1;3;LORIENT (DE);48,1068100000; -1,7280800000;2;LORIENT (DE);0.0;;3;4;3;1;2;387;1;; -1;1;0;1;50;A01;1;7;0;2;7;19;1;
202000007802;154 728 524;A01;2;2;4;2;2002.0;0;1;0;-1;-1; -1;-1;17144;19;7;2020;21:30;2;57;57606;1;1;1;6;CD 72 (ROUTE DE PORCELETTE);49,1388900;6,6785000;3;CD 72 (ROUTE DE PORCELETTE);0.0;;2;2;0;1;30;350;3;; -1;1;0;1;70;A01;1;7;13;0;3;13;1;
202300042670;155 604 948;C01;9;2;1;2;2020.0;5;1;-1;-1;0;0;-1;203 749 975;26;5;2023;17:50;1;13;13001;1;1;1;4;autoroute A8 PK 13.000 sens LYON - AIX EN PROVENCE;43,52379900;5,40900200;1;8;-1.0;A;1;3;0;1;13;0;1;;13,5;1;0;1;130;C01;1;7;0;2;1;2;1;
202400030023;155 728 897;B01;1;1;4;2;1944.0;5;8;0;-1;-1; -1;-1;203 917 796;20;1;2024;11:35;1;45;45147;2;1;1;3;33 Rue de Verdun;47,93424000;1,91359000;4;VERDUN (RUE DE VERDUN);0.0;;2;2;2;1; -1; -1;1;; -1;1;0;1;30;B01;1;1;0;0;8;0;5;
202200011777;793 003;A01;10;3;4;1;1965.0;9;0;-1;-1;2;3;1;1 071 926;26;4;2022;10:30;1;75;75111;2;2;1;6;BOULEVARD VOLTAIRE;48,8651870000;2,3677300000;4;BOULEVARD VOLTAIRE;0.0;;2;4;1;1;(1);(1);1;; -1;1;-1;5;30;A01;1;1;0;1;1;1;5;
202400022395;155 742 386;A01;2;2;1;1;1989.0;0;1;-1;-1;0;0;-1;203 935 657;26;5;2024;10:00;1;974;97413;2;1;1;6;40 Chemin Departemental 25; -21,19542800;55,30107700;3;40;0.0;;2;2;0;2;1;510;2;; -1;1;0;4;50;A01;1;13;6;0;1;14;1;
202100030458;147 330;B01;1;1;3;1;1962.0;0;2;6;-1;0;0;-1;194 658;6;7;2021;21:20;1;80;80542;1;6;1;1;D930;49,7716230000;2,9088880000;3;930;-1.0;D;-1;1;0;1;32;(1);3;; -1;1;0;1;50;B01;2;2;0;2;1;5;1;
201900036475;138 237 531;A01;10;3;4;2;1998.0;3;8;0;-1;9;4;1;82408;12;4;2019;11:10;1;2;02157;2;1;1;6;DESCARTES - RUE;49,5890400;3,6485700;6;DESCARTES - RUE;0.0;;-1;0;0;1;0;0;1;;;1;0;1;50;A01;3;10;0;1;5;4;1;
201900031923;138 246 355;C01;1;1;1;1;1995.0;0;8;0;-1;-1;0;-1;72180;4;9;2019;08:00;1;13;13055;1;1;1;4;A507 sens Aubagne- Marseille;43,3304770;5,3886598;1;507;0.0;;1;3;0;2;2;99;1;;;1;1;1;70;C01;2;10;0;2;1;2;1;
201900045352;138 220 813;B01;1;1;1;1;1971.0;4;1;0;-1;0;0;-1;102393;9;12;2019;07:20;5;75;75114;2;2;3;3;RUE D ALESIA;48,8318130;2,3141560;4;RUE D ALESIA;0.0;;2;4;0;1;0;0;1;;;2;0;1;50;B01;2;10;0;2;8;15;1;
202200052734;720 137;A01;1;1;3;2;1951.0;3;8;-1;-1;0;0;-1;974 401;28;3;2022;15:30;1;58;58204;1;1;1;3;Les Carjots;47,0481580000;3,2983120000;3;176;0.0;D;2;2;0;1;14;240;1;; -1;1;0;1;80;A01;3;7;0;2;3;1;1;
202000032681;154 684 992;A01;10;3;4;2;1987.0;1;0;-1;-1;3;5;1;71781;13;2;2020;10:55;1;75;75104;2;1;1;6;BOULEVARD BEAUMARCHAIS;48,8549550;2,3687030;4;;0.0;;2;5;3;1;15;0;1;; -1;2;-1;6;50;A01;2;7;0;1;3;7;2;
202000026902;154 694 926;A01;1;1;1;1;1999.0;5;1;-1;-1;0;0;-1;59310;6;9;2020;21:34;3;21;21425;2;1;1;6;45 Rue Benjamin Guérard;47,6238460;4,3309680;4;;-1.0;;2;2;0;1;(1);(1);2;; -1;1;0;1;50;A01;1;7;0;1;3;1;1;
202200049991;724 995;A01;1;1;1;1;1995.0;0;1;0;-1;-1; -1;-1;980 953;22;10;2022;18:22;1;49;49007;2;1;1;3;FOCH BOULEVARD;47,4683900000; -0,5503100000;4;FOCH BOULEVARD;0.0;;2;4;0;1;1;0;1;; -1;1;0;1;30;A01;2;7;0;2;2;16;1;
202300042103;155 605 963;A01;2;2;1;2;1957.0;5;1;-1;-1;0;0;-1;203 751 316;23;2;2023;14:50;1;06;06148;1;1;8;3;1019 Route de Vence;43,71799100;7,07019000;3;2210;0.0;;2;2;0;1;20;101;3;; -1;1;0;1;80;A01;2;7;0;2;3;13;1;
202400022271;155 742 600;A01;1;1;4;1;1969.0;0;2;6;-1;-1; -1;-1;203 935 923;29;7;2024;09:45;1;2A;2A004;1;1;1;2;ALATA ROUTE;41,94619000;8,73715000;4;ALATA ROUTE;0.0;;2;1;0;2;0;0;3;; -1;1;0;1;50;A01;0;33;0;2;1;1;1;
202300019541;155 645 902;A01;1;1;1;1;2001.0;1;1;8;-1;-1; -1;-1;203 804 832;4;7;2023;08:25;1;75;75116;2;3;1;2;CHAUSSEE LA MUETTE;48,85830900;2,27264200;4;CHAUSSEE LA MUETTE;0.0;;2;2;0;1; -1; -1;1;; -1;1;0;1;30;A01;2;7;0;2;1;2;2;
201900031283;138 247 515;B01;1;1;1;2;1979.0;4;1;0;-1;0;0;-1;70760;18;12;2019;21:48;3;91;91182;1;9;1;3;AUTOROUTE A6;48,6292550;2,4109250;1;6;0.0;;3;3;0;1;24;799;1;;;1;9;1;70;B01;1;17;0;2;2;1;1;
202000042135;154 668 271;A01;1;1;4;2;1937.0;5;1;0;-1;-1; -1;-1;92781;24;8;2020;14:55;1;44;44143;2;6;1;-1;RUE VICTOR HUGO;47,1887700; -1,5513100;4;;0.0;;2;0;0;2;(1);(1);2;; -1;1;0;1;30;A01;0;7;0;1;2;26;1;
202300043578;155 603 290;A01;8;2;4;1;1988.0;4;1;-1;-1;0;0;-1;203 747 713;4;11;2023;12:15;1;13;13027;1;1;1;7;D75a;43,86397500;4,85853200;3;75;0.0;A;2;1;0;2; -1; -1;3;;4;2;0;3;80;A01;1;7;0;0;8;1;1;
202000030030;154 689 474;A01;1;1;1;1;2000.0;0;1;0;-1;-1; -1;-1;66028;9;1;2020;11:25;1;06;06027;2;9;1;3;TRAVAILS CHEMIN DES;43,6676100;7,1396600;4;19;0.0;;2;2;0;3;0;0;2;; -1;2;0;2;30;A01;1;15;0;2;2;19;1;
202300045737;155 599 407;A01;1;1;3;1;2004.0;5;1;-1;-1;0;0;-1;203 742 464;20;2;2023;21:00;3;39;39025;1;1;1;6;;46,55071500;5,39381500;4;;-1.0;;2;2;0;2; -1; -1;1;;4;1;0;3;80;A01;3;7;8;0;1;14;1;
201900015331;138 277 803;A01;1;1;4;1;1999.0;4;2;8;-1;-1;0;-1;34584;12;9;2019;20:32;5;13;13103;2;9;1;5;CHEMIN SAINT JEAN-RD 68E;43,6261800;5,1077500;4;CHEMIN SAINT JEAN-RD 68E;0.0;;2;2;2;1;0;0;1;;;1;0;1;50;A01;1;32;0;2;9;17;1;
202100026424;154 464;C01;1;1;1;1;1940.0;0;1;0;-1;-1; -1;-1;204 466;29;7;2021;15:00;1;972;97213;1;1;1;4;Z I LES MANGLES;14,6135300000; -61,0122700000;9;Z I LES MANGLES;0.0;;2;2;0;1;(1);(1);3;; -1;1;0;1;50;C01;1;7;0;2;4;2;1;
202300028540;155 629 939;A01;1;1;4;2;1996.0;5;1;-1;-1;0;0;-1;203 783 580;10;9;2023;05:40;3;33;33002;1;1;1;6;A62;44,50386176; -0,03738999;1;62;-1.0;;3;4;0;1;55;100;1;;10;1;0;1;130;A01;2;7;0;1;3;1;1;
202200038961;744 492;A01;1;1;1;1;2004.0;5;2;0;-1;0;0;-1;1 007 006;25;2;2022;19:30;5;75;75110;2;2;1;4;AVENUE PARMENTIER;48,8712380000;2,3701230000;4;AVENUE PARMENTIER;0.0;;2;2;0;1;(1);(1);1;; -1;1;0;1;30;A01;1;30;0;2;9;3;1;
202200041510;740 026;B01;1;1;1;2;1959.0;5;1;-1;-1;0;0;-1;1 000 928;15;5;2022;07:30;1;68;68365;1;1;1;1;Laenderweg (Chemin);48,0516720000;7,3387710000;4;Rue;0.0;;2;2;2;1;0;0;4;; -1;1;0;1;50;B01;3;7;0;9;3;13;1;
202200023776;771 694;B01;1;1;4;1;1998.0;0;2;8;-1;-1; -1;-1;1 043 280;15;4;2022;23:00;5;93;93055;2;1;1;3;Rue Scandicci;48,8914200000;2,3988800000;4;SCANDICCI;0.0;;2;2;0;1;0;0;1;; -1;1;1;1;50;B01;0;2;0;0;1;3;1;
202100032611;143 485;B01;1;1;3;1;1948.0;5;2;-1;-1;0;0;-1;189 492;24;6;2021;13:45;1;14;14258;2;1;1;2;D6;48,9063040000; -0,2083070000;3;6;0.0;;3;2;0;1;10;0;3;; -1;1;0;1;50;B01;1;1;0;0;4;1;5;
202200030186;760 164;A01;1;1;3;1;1998.0;1;2;6;-1;-1; -1;-1;1 028 057;19;5;2022;16:25;1;69;69081;1;6;1;2;Rond point du Valvert;45,7707000000;4,7885100000;4;VALVERT                                 ;0.0;;1;1;0;1;(1);(1);3;; -1;1;5;1;50;A01;3;31;0;2;7;21;1;
202000047537;154 658 724;A01;1;1;4;1;1999.0;2;1;-1;-1;0;0;-1;104809;20;10;2020;07:15;2;10;10310;1;1;1;-1;RD79;48,2219280;4,5005320;3;79;-1.0;;2;2;0;1;21;600;2;; -1;1;0;1;80;A01;2;7;0;2;1;13;1;
202000009831;154 724 962;B01;1;1;4;1;1974.0;4;1;0;-1;0;0;-1;21671;28;9;2020;15:00;1;2A;2A004;1;3;2;2;AEROPORT NAPOLEON BONAPARTE;41,9211032;8,7872833;4;;0.0;;2;2;0;1;(1);(1);1;; -1;2;0;1;50;B01;2;7;0;2;0;0;1;
202200052333;720 868;A01;1;1;3;1;1958.0;5;0;-1;-1;0;0;-1;975 394;11;9;2022;12:34;1;05;05077;1;1;1;7;Route départementale D205T;44,6946810000;6,9582510000;3;205;-1.0;T;2;2;0;2;6;500;1;; -1;1;0;1;50;A01;2;50;0;0;0;1;3;
201900036383;138 237 714;B01;1;1;4;1;2011.0;5;8;0;-1;0;0;-1;82206;7;5;2019;17:00;1;10;10081;2;9;1;3;JEAN JAURES (AVENUE);48,3080700;4,0433300;4;JEAN JAURES (AVENUE);0.0;;-1;2;1;1;0;0;1;;;1;5;1;50;B01;1;1;0;2;1;26;5;
202300022872;155 640 042;B01;1;1;3;2;1987.0;0;8;0;-1;-1; -1;-1;203 796 896;12;9;2023;18:35;1;38;38516;2;4;1;3;CHARTREUSE (ROUTE DE) 34 A FIN;45,20782000;5,74152000;3;CHARTREUSE (ROUTE DE) 34 A FIN;0.0;;2;2;0;2;36;375;2;; -1;1;0;1;50;B01;2;1;0;2;1;2;5;
202300036778;155 615 372;A01;1;1;4;1;1975.0;1;1;0;0;0;0;-1;203 763 988;11;12;2023;02:50;5;94;94073;2;9;2;3;Rue des Alouettes;48,74787000;2,36933000;3;136;0.0;;1;1;0;1;0;0;1;; -1;2;0;1;50;A01;0;10;0;2;3;16;0;
202200038502;745 322;Z01;1;1;1;1;;9;8;0;-1;-1; -1;-1;1 008 128;14;7;2022;19:10;1;75;75120;2;1;1;3;AVENUE GAMBETTA;48,8634540000;2,3898020000;4;AVENUE GAMBETTA;0.0;;1;1;1;2;(1);(1);1;; -1;1;0;1;30;Z01;2;1;0;0;2;14;5;
202300034404;155 619 597;C01;1;1;1;1;1993.0;0;1;0;-1;-1; -1;-1;203 769 588;10;6;2023;11:30;1;13;13215;1;1;1;5;A7-Sens Marseille vers Lyon;43,37946000;5,35663000;1;A7-Sens Marseille vers Lyon;0.0;;1;3;0;1;274;500;1;; -1;1;0;1;90;C01;2;7;0;2;5;2;1;
202200027948;764 145;B01;1;1;4;2;1968.0;9;8;-1;-1;0;0;-1;1 033 285;29;9;2022;14:40;1;47;47001;2;2;2;3;CARNOT (BD DU PRESIDENT);44,1993800000;0,6203500000;4;CARNOT (BD DU PRESIDENT);0.0;;2;2;0;1;0;0;1;; -1;2;0;1;50;B01;0;1;0;2;0;0;5;
202300048613;155 594 288;B01;1;1;3;1;2003.0;0;0;-1;-1;0;0;-1;203 735 594;17;2;2023;18:15;2;973;97360;2;1;1;1;Avenue Francois Mitterand;5,15703100; -54,34279400;4;;-1.0;;2;2;0;1; -1; -1;1;;5,5;1;0;1;50;B01;3;2;0;2;1;0;1;
202400032143;155 725 117;A01;10;3;3;1;1968.0;5;0;-1;-1;4;3;1;203 912 503;28;8;2024;11:30;1;14;14699;1;3;1;7;1 Chemin du Marais;49,34933900;0,09116200;3;BATELIERS (RUE DES);0.0;;2;2;0;1; -1; -1;1;; -1;1;0;1;50;A01;1;7;0;1;1;1;1;
202200040366;742 022;B01;2;2;4;2;1972.0;1;1;-1;-1;0;0;-1;1 003 683;4;12;2022;18:28;3;88;88246;1;1;2;1;D429;48,2566130000;6,1260150000;3;429;-1.0;;2;2;0;1;41;100;3;; -1;2;0;1;90;B01;1;7;0;2;3;1;1;
202200023325;772 496;B01;2;2;4;1;1997.0;5;8;-1;-1;-1; -1;-1;1 044 351;2;9;2022;02:50;5;69;69382;2;3;1;1;Quai Docteur Gailleton;45,7463600000;4,8285000000;4;DOCTEUR GAILLETON (DU)              (QU);0.0;;1;3;1;1;(1);(1);1;; -1;1;0;1;30;B01;1;7;0;2;3;1;1;
202000026312;154 695 967;C01;1;1;1;2;1961.0;0;1;0;-1;-1;0;-1;57980;16;1;2020;08:25;1;78;78490;1;1;1;5;RN12 EXT;48,8011460;1,9415880;2;12;0.0;;3;2;0;1;35;0;1;;10,5;1;0;1;110;C01;2;7;0;2;0;0;2;
202100042272;126 069;B01;1;1;1;1;1953.0;0;1;-1;-1;0;0;-1;166 711;28;4;2021;07:50;1;59;59482;1;6;7;3;D36 - D308;50,7197420000;3,0197540000;7;36;0.0;;1;2;0;1;(1);(1);2;; -1;1;5;1;30;B01;3;10;0;0;3;1;1;
201900032178;138 245 850;B01;1;1;4;1;1938.0;5;2;-1;-1;0;0;-1;72738;7;3;2019;18:00;2;69;69033;1;1;1;2;RD 85;45,8622500;4,8935800;3;85;;;2;2;1;1;5;300;1;;;1;0;5;80;B01;2;1;0;2;4;1;5;
201900010472;138 286 984;A01;1;1;4;1;1999.0;0;2;6;-1;0;0;-1;23682;27;4;2019;21:05;5;75;75119;2;3;1;3;AVENUE DE FLANDRE;48,8911330;2,3775690;4;AVENUE DE FLANDRE;0.0;;1;1;0;1;0;0;1;;;1;9;1;50;A01;1;2;0;2;5;18;1;
202000031663;154 686 715;A01;1;1;3;1;1941.0;0;1;9;-1;0;0;-1;69551;1;10;2020;08:45;1;42;42308;1;4;1;6;Route de Saint Paul En Jarez;45,4530878;4,5822547;7;7;-1.0;;2;2;0;1;5;600;1;; -1;1;0;8;70;A01;1;7;6;0;1;19;1;
202200010918;794 536;B01;1;1;1;1;1975.0;0;1;0;-1;-1; -1;-1;1 073 932;13;3;2022;17:45;1;91;91223;2;1;1;3;COQUERIVE (AVENUE DE);48,4346900000;2,1690900000;3;COQUERIVE (AVENUE DE);0.0;;2;3;0;2;0;0;1;; -1;1;0;1;50;B01;1;7;0;2;2;0;2;
201900034455;138 241 424;A01;1;1;4;1;1994.0;0;1;8;-1;0;0;-1;77870;26;5;2019;01:20;5;13;13208;2;1;1;6;MONTREDON (AVENUE DE);43,2442700;5,3716200;4;MONTREDON (AVENUE DE);0.0;;-1;2;0;1;0;0;1;;;1;0;1;50;A01;1;7;0;2;3;20;1;
202400050727;155 692 433;A01;2;2;4;2;2001.0;5;1;-1;-1;0;0;-1;203 868 089;18;8;2024;05:15;5;42;42211;1;1;1;6;29 Rue de l'Étang Nicolas;45,55678900;4,23082000;3;108;0.0;D;2;2;0;1;25;550;1;;5,5;2;0;1;70;A01;2;7;13;0;2;1;1;
202400011159;155 762 102;B01;1;1;3;2;1967.0;5;1;-1;-1;0;0;-1;203 962 221;17;10;2024;07:15;3;17;17100;1;2;8;3;D233e2;45,73259900; -0,45200600;3;D233;2.0;E;2;2;0;1;4;503;1;;7;6;0;1;80;B01;1;7;0;2;8;1;1;
202400012753;155 759 313;A01;1;1;1;1;2006.0;0;1;0;-1;0;0;-1;203 958 456;27;12;2024;17:25;3;14;14271;1;1;1;4;N814;49,13680000; -0,37125000;2;N 814;0.0;;2;2;0;1;20;460;1;;10;1;0;1;90;A01;1;7;0;2;4;1;1;
201900014332;138 279 747;B01;1;1;1;1;1974.0;5;1;0;-1;-1;0;-1;32305;11;6;2019;19:20;1;95;95018;1;1;1;3;AUTOROUTE A15;48,9613800;2,2689800;1;15;0.0;;3;12;0;1;7;500;1;;;1;0;1;110;B01;1;7;0;2;3;11;1;
202200015036;787 275;A01;1;1;2;1;1962.0;5;1;-1;-1;0;0;-1;1 064 207;23;12;2022;22:15;3;67;67132;1;1;2;7;D72;48,8712460000;7,7205460000;3;72;-1.0;;2;2;0;1;7;600;2;; -1;2;0;8;80;A01;1;7;0;0;0;0;3;
202000004043;154 735 124;A01;1;1;1;1;1993.0;0;1;0;-1;-1; -1;-1;8922;17;10;2020;16:15;1;93;93051;1;1;1;3;A4;48,8347865;2,5801011;1;4;0.0;;3;3;0;1;15;100;1;; -1;2;0;1;110;A01;1;7;0;2;7;12;1;
202400021566;155 743 823;B01;1;1;1;1;1976.0;4;1;0;0;-1; -1;-1;203 937 582;16;4;2024;14:21;1;92;92023;2;1;2;2;GENERAL DE GAULLE (AV DU) N°440 A 544 ET;48,77979000;2,23759000;3;GENERAL DE GAULLE (AV DU) N°440 A 544 ET;0.0;;1;0;0;1;0;0;1;;0;2;0;1;50;B01;1;7;0;2;6;16;0;
202200054547;716 968;A01;1;1;3;2;1996.0;5;2;6;-1;0;0;-1;970 008;12;2;2022;15:10;1;58;58260;1;6;1;7;D58;46,8597490000;3,1624420000;3;58;0.0;D;2;2;0;2;2;100;1;; -1;1;0;1;80;A01;1;33;0;0;5;1;1;
201900036449;138 237 576;A01;10;3;4;1;1958.0;0;8;0;-1;1;3;1;82355;14;5;2019;16:50;1;6;06123;2;1;1;6;BRUN HONORE AVENUE;43,6678600;7,1901200;4;BRUN HONORE AVENUE;0.0;;1;1;0;2;0;0;1;;;1;0;1;50;A01;2;7;0;1;1;26;0;
201900026861;138 255 782;A01;1;1;3;1;1976.0;5;1;-1;-1;0;0;-1;60844;28;7;2019;04:35;3;47;47039;1;1;1;6;Lamouterie;44,1360000;0,0892000;3;434;;;2;2;0;1;9;100;1;;;1;0;3;80;A01;2;7;13;0;9;14;1;
202400018245;155 749 670;B01;1;1;1;1;2005.0;0;1;-1;-1;0;0;-1;203 945 569;9;9;2024;17:55;1;16;16384;1;2;1;3;;45,36130500; -0,19784500;3;910;0.0;D;2;2;0;1;56;300;1;;7;1;5;1;80;B01;0;7;0;2;3;15;1;
202300004070;155 673 355;A01;1;1;4;2;1966.0;3;1;-1;-1;0;0;-1;203 841 604;8;11;2023;19:00;5;78;78537;2;3;1;3;D29;48,57904200;1,94331400;3;29;0.0;;2;2;0;3;4;75;3;;5,5;1;0;1;50;A01;1;7;0;2;8;1;1;
201900019914;138 269 184;B01;1;1;3;1;1986.0;0;2;0;-1;0;0;-1;44957;16;5;2019;17:20;1;2A;2A004;2;1;1;2;MEZZAVIA ROUTE DE;41,9525900;8,7847000;2;22;0.0;;2;2;0;1;(1);(1);1;;;1;0;1;50;B01;3;1;0;2;1;2;5;
202200024583;770 280;A01;2;2;1;1;2001.0;4;8;-1;-1;0;0;-1;1 041 394;23;5;2022;18:00;1;69;69189;1;3;8;2;Route Départementale 386;45,5177847463;4,8605570197;3;;-1.0;;2;2;1;1;30;800;1;; -1;1;0;1;-1;A01;2;10;0;2;1;2;1;
202300027554;155 631 727;B01;1;1;4;1;2002.0;0;2;8;-1;-1; -1;-1;203 785 898;17;4;2023;18:10;1;92;92063;2;9;1;4;Bretelle A86;48,88744987;2,16726637;1;86;0.0;;1;2;0;2;0;0;3;; -1;1;3;8;50;B01;3;33;0;2;8;13;1;
202400042962;155 706 125;A01;1;1;1;2;1963.0;0;1;0;0;-1; -1;-1;203 886 570;5;1;2024;10:20;1;93;93055;2;1;1;2;Avenue Jean Lolive;48,89388600;2,41657200;3;JEAN LOLIVE (AVENUE)(137/FIN ET 134/FIN);0.0;;2;3;0;1;0;1;1;; -1;1;0;1;30;A01;2;7;0;2;4;1;1;
202400053288;155 688 047;A01;1;1;1;2;2006.0;5;1;-1;-1;0;0;-1;203 862 170;7;6;2024;11:40;1;63;63300;2;9;1;3;AVERROES (RUE) / parking Lycée Bonte;45,88071000;3,11060000;4;AVERROES (RUE);0.0;;-1;1;0;1; -1; -1;1;; -1;1;0;1;50;A01;3;7;0;0;5;16;3;
202400007028;155 769 456;B01;1;1;1;2;1949.0;5;1;0;-1;-1; -1;-1;203 972 064;4;6;2024;11:55;1;27;27375;2;1;1;2;THOREL (PLACE ERNEST);49,21527000;1,16895000;4;THOREL (PLACE ERNEST);0.0;;2;0;0;2;0;1;1;; -1;1;0;1;30;B01;3;7;0;0;4;2;1;
202400027816;155 732 761;A01;1;1;1;1;1997.0;1;2;6;-1;0;0;-1;203 922 973;21;5;2024;12:00;1;75;75111;2;3;1;3;BOULEVARD BEAUMARCHAIS;48,85854500;2,36789600;4;BOULEVARD BEAUMARCHAIS;0.0;;2;1;0;1; -1; -1;1;; -1;1;0;1;30;A01;1;2;0;2;2;20;3;
201900003323;138 300 270;A01;6;2;1;2;1999.0;2;1;-1;-1;0;0;-1;7493;11;6;2019;18:00;1;19;19005;1;1;8;1;cd 901;45,2339207;1,4252776;3;901;0.0;;2;2;0;1;40;400;1;;;1;0;1;90;A01;1;37;0;2;3;11;1;17.0
202000020667;154 705 873;A01;1;1;3;1;1994.0;5;0;-1;-1;0;0;-1;45743;11;7;2020;16:45;1;29;29155;1;1;1;7;D81 - Route du Stiff;48,4658549; -5,0778150;3;81;-1.0;;2;2;0;2;1;800;1;; -1;1;0;1;50;A01;1;1;0;0;0;1;5;
202200036250;749 343;B01;1;1;1;2;1996.0;5;1;-1;-1;0;0;-1;1 013 507;17;7;2022;18:15;1;05;05164;1;1;1;2;RN 94;44,5296170000;6,3973050000;2;94;-1.0;;2;2;0;1;98;800;1;; -1;1;0;1;70;B01;1;7;0;2;4;1;1;
202000047598;154 658 626;B01;2;2;4;2;2008.0;5;2;-1;-1;0;0;-1;104947;21;5;2020;20:40;1;76;76325;1;1;1;2;route de rouen;49,6495420;0,8381580;3;20;-1.0;;2;2;0;1;25;0;1;;7;1;0;1;80;B01;1;33;0;2;1;1;1;
202100036075;137 199;A01;2;2;4;2;1982.0;4;1;8;-1;-1; -1;-1;181 300;6;6;2021;21:50;2;13;13208;2;3;1;3;CLOT BEY (AVENUE);43,2605001517;5,3871156129;4;CLOT BEY (AVENUE);0.0;;2;2;0;1;1;0;1;; -1;1;0;1;50;A01;2;7;0;2;3;15;1;
202100022362;161 677;B01;1;1;3;1;1999.0;1;2;6;-1;0;0;-1;214 458;26;8;2021;08:05;1;24;24225;2;3;1;1;Avenue de Bergerac;44,8419800000;0,3842100000;3;936;-1.0;;2;2;0;1;(1);(1);1;; -1;1;5;1;30;B01;1;33;10;2;7;21;1;
202000044063;154 664 805;A01;1;1;2;1;1958.0;5;2;-1;-1;0;0;-1;97061;22;9;2020;14:50;1;68;68106;1;1;1;7;D431;47,8899820;7,1133900;3;431;-1.0;;2;2;0;2;9;700;3;; -1;1;0;1;80;A01;2;1;0;0;9;1;5;
202400020560;155 745 568;A01;2;2;1;1;1999.0;5;1;-1;-1;0;0;-1;203 939 958;26;5;2024;23:20;3;89;89235;1;3;1;1;D606;47,48606300;3,99039700;3;606;0.0;;3;2;0;1;143;120;1;; -1;1;0;1;90;A01;2;7;0;2;3;19;1;
202100022351;161 693;A01;1;1;2;2;1971.0;9;1;-1;-1;0;0;-1;214 488;28;8;2021;10:45;1;50;50379;1;4;1;7;La Gousserie;48,7436680000; -1,1901500000;3;39;-1.0;;2;2;0;2;(1);(1);2;; -1;1;0;8;80;A01;0;7;0;0;1;1;1;
201900051864;138 208 612;A01;10;3;3;1;1942.0;5;0;-1;-1;3;3;1;117146;7;1;2019;16:00;1;34;34344;2;1;1;6;avenue du plein soleil;43,5609140;4,0689150;4;;;;2;2;0;1;(1);(1);1;;;1;0;1;50;A01;1;7;0;1;3;1;1;
202400020972;155 744 816;A01;10;3;3;2;1939.0;0;0;-1;-1;5;3;1;203 938 958;28;6;2024;11:30;1;27;27229;2;1;1;6;SALONIQUE (RUE DE);49,03530000;1,13560000;4;SALONIQUE (RUE DE);0.0;;1;1;0;1;0;0;1;; -1;1;0;6;50;A01;0;7;0;1;1;26;1;
202300016357;155 651 569;A01;1;1;1;2;1960.0;0;1;0;-1;-1; -1;-1;203 812 264;9;6;2023;20:27;1;68;68066;2;9;1;6;INGERSHEIM (ROUTE D');48,08716200;7,32650100;4;INGERSHEIM (ROUTE D');0.0;;-1;0;0;1;1;0;1;; -1;1;9;8;30;A01;1;7;0;1;0;26;1;
201900044079;138 223 292;B01;1;1;4;2;1994.0;0;1;-1;-1;0;0;-1;99413;1;3;2019;11:30;1;33;33474;1;9;1;1;D 109;44,6463600; -0,4589600;3;109;;;2;2;0;1;21;830;4;;;1;0;1;80;B01;2;7;0;2;3;13;1;
201900052663;138 207 021;B01;1;1;4;2;1972.0;1;1;8;-1;-1;0;-1;118960;4;12;2019;05:00;3;92;92036;1;1;1;3;A86;48,9357566;2,2871856;1;86;0.0;;3;3;0;1;8;0;1;;;2;0;1;90;B01;1;7;0;2;6;1;1;
202100031105;146 142;C01;1;1;1;1;1971.0;5;1;0;-1;-1; -1;-1;193 044;30;6;2021;18:55;1;37;37261;2;1;1;5;POMPIDOU (AVENUE GEORGES);47,3859782038;0,7095783949;4;POMPIDOU (AVENUE GEORGES);0.0;;2;2;0;1;(1);(1);1;; -1;1;0;1;50;C01;2;7;0;2;4;1;1;
202200036658;748 630;C01;1;1;3;2;1941.0;0;1;0;-1;-1; -1;-1;1 012 544;13;7;2022;16:45;1;09;09122;1;1;1;5;20 (R.N.) COTE SUD DU TUNNEL;42,9517680000;1,6224560000;2;20 (R.N.) COTE SUD DU TUNNEL;0.0;;2;2;0;1;39;950;1;; -1;1;0;1;80;C01;1;7;0;2;1;1;1;
202300024123;155 637 818;A01;1;1;4;1;1983.0;5;2;6;-1;0;0;-1;203 793 884;3;8;2023;11:50;1;34;34251;1;1;1;7;D25;43,77154500;3,38426600;3;25;0.0;;2;2;0;2;5;200;2;;6;1;0;1;90;A01;2;33;13;0;7;1;1;
202200029036;762 195;A01;10;3;4;1;2011.0;5;0;-1;-1;4;3;2;1 030 748;30;8;2022;16:47;1;94;94019;2;1;1;6;Rue de Champigny;48,7973000000;2,5247100000;3;CHAMPIGNY (R DE);0.0;;2;2;0;1;0;1;1;; -1;1;0;1;50;A01;1;7;0;1;8;1;1;
202200019873;778 642;A01;1;1;3;1;1949.0;5;1;-1;-1;0;0;-1;1 052 701;8;10;2022;16:20;1;47;47058;2;1;1;6;220 Route des Landes;44,2657360000;0,2443780000;3;8;-1.0;D;2;2;0;1;10;105;1;; -1;1;0;3;50;A01;2;7;17;0;1;13;1;
202300011756;155 659 702;A01;1;1;1;1;1953.0;1;1;0;-1;-1; -1;-1;203 823 189;27;4;2023;20:18;5;75;75104;2;3;2;1;RUE SAINT ANTOINE;48,85430300;2,36374800;4;RUE BEAUTREILLIS;0.0;;1;1;0;1; -1; -1;1;; -1;2;0;1;30;A01;2;7;0;2;1;16;1;
201900038696;138 233 354;A01;1;1;3;1;1998.0;5;2;6;-1;0;0;-1;87362;1;11;2019;07:14;1;75;75112;2;1;3;6;QUAI DE LA RAPEE;48,8456530;2,3664807;4;VOIE MAZAS;0.0;;1;4;0;2;0;0;2;;;2;1;1;50;A01;1;31;6;0;1;13;1;
201900004788;138 297 455;B01;1;1;1;1;1996.0;0;8;0;-1;-1; -1;-1;10779;22;10;2019;00:20;5;69;69387;2;2;2;3;CAMILLE ROY                         (R );45,7451300;4,8466700;4;CAMILLE ROY                         (R );0.0;;1;1;0;1;0;0;1;;;2;0;1;50;B01;2;7;0;2;2;1;1;
202100036499;136 462;B01;1;1;1;2;1999.0;9;1;-1;-1;0;0;-1;180 323;4;6;2021;15:30;1;42;42294;1;2;3;3;Route de Pradines;46,0081780000;4,1301140000;3;27;-1.0;;2;1;0;1;18;800;1;; -1;2;0;1;80;B01;1;7;0;2;1;16;1;
202400045039;155 702 476;B01;1;1;4;1;2007.0;0;2;0;-1;-1; -1;-1;203 881 618;8;1;2024;08:00;1;2A;2A004;2;3;1;3;BIANCAMARIA COLONEL ET CAPITAINE AVE;41,93445365;8,73664375;4;BIANCAMARIA COLONEL ET CAPITAINE AVE;0.0;;2;2;0;1;0;0;2;; -1;1;0;1;50;B01;2;30;0;2;3;0;1;
202400014168;155 756 809;A01;1;1;1;1;2003.0;0;8;-1;-1;0;0;-1;203 955 171;2;2;2024;18:17;5;27;27284;2;2;2;6;Rue du Preslay;49,27767100;1,77343900;4;1;0.0;C;2;2;0;2;30;559;1;; -1;2;0;1;50;A01;3;7;0;0;2;1;1;
202000040663;154 670 896;A01;10;3;4;1;1971.0;5;0;-1;-1;1;1;1;89472;5;12;2020;08:15;1;972;97209;1;1;1;6;FONTAINE DIDIER (RUE DE LA);14,6433400; -61,0858700;4;FONTAINE DIDIER (RUE DE LA);0.0;;2;2;0;1;0;0;1;; -1;1;1;1;30;A01;1;7;0;1;2;2;1;
202100049858;112 613;A01;1;1;4;1;1985.0;0;1;0;-1;-1; -1;-1;149 372;27;2;2021;00:25;5;972;97213;1;1;1;2;AUTOROUTE A1;14,6178800000; -61,0329500000;1;AUTOROUTE A1;0.0;;1;3;0;2;3;200;1;; -1;1;3;1;90;A01;1;7;0;2;5;13;1;
202400039867;155 711 519;A01;1;1;1;2;1996.0;5;1;0;-1;-1; -1;-1;203 894 164;25;8;2024;16:24;1;36;36044;1;1;1;4;Avenue de Blois;46,82819332;1,68045223;4;;0.0;;-1;2;0;1; -1; -1;1;; -1;1;0;1;70;A01;1;7;0;2;3;2;1;
202100010193;183 484;A01;1;1;3;2;1981.0;5;1;-1;-1;0;0;-1;242 993;30;10;2021;11:00;1;86;86070;1;3;1;3;D951;46,5718600000;0,7336040000;3;951;0.0;;1;2;0;1;28;865;1;; -1;1;0;1;90;A01;2;7;0;0;8;15;1;
202100052298;108 230;A01;1;1;1;1;1948.0;5;8;0;-1;-1; -1;-1;143 660;6;2;2021;14:40;1;77;77258;2;3;3;3;TOUR D'AUVERGNE (RUE DE LA);48,8403730000;2,6487670000;4;TOUR D'AUVERGNE (RUE DE LA);0.0;;2;2;0;1;0;0;1;; -1;2;6;1;50;A01;3;7;0;2;1;1;1;
202400026785;155 734 562;A01;1;1;4;1;1989.0;5;8;0;-1;-1; -1;-1;203 925 322;25;6;2024;18:00;1;75;75110;2;7;1;1;PLACE DE LA REPUBLIQUE;48,86814400;2,36370400;4;PLACE DE LA REPUBLIQUE;0.0;;2;2;3;1; -1; -1;1;; -1;1;0;1;30;A01;1;80;0;2;1;21;3;
201900038273;138 234 119;B01;2;2;4;2;2008.0;5;8;0;-1;0;0;-1;86428;25;5;2019;14:10;1;75;75116;2;1;2;3;AVENUE DE NEW YORK;48,8639640;2,2991100;4;AVENUE DE NEW YORK;0.0;;2;2;0;1;0;0;1;;;2;1;1;50;B01;1;32;0;2;1;1;1;
202000000147;154 742 018;A01;10;3;4;1;2007.0;0;0;-1;-1;3;3;1;321;6;3;2020;07:50;1;54;54547;2;1;1;6;HUITIEME REGIMENT D'ARTILLERIE;48,6693780;6,1845661;4;;0.0;;2;2;0;1;(1);(1);1;; -1;1;0;1;30;A01;1;7;0;1;1;1;1;
201900044133;138 223 176;A01;1;1;4;1;1984.0;5;2;6;-1;-1; -1;-1;99546;6;11;2019;03:00;5;92;92062;2;1;1;2;PUTEAUX (PONT DE);48,8772200;2,2442500;3;104;0.0;;3;6;0;3;0;0;1;;;1;2;1;30;A01;3;34;0;2;1;26;1;
202000029330;154 690 705;B01;1;1;3;1;1966.0;9;2;6;-1;0;0;-1;64504;30;10;2020;16:00;1;59;59387;2;2;1;3;Rue Emile Zola;50,2868010;3,2635110;3;49;0.0;;2;2;0;1;(1);(1);1;; -1;1;0;1;50;B01;2;33;0;2;1;1;1;
201900049879;138 212 332;A01;2;2;1;2;2003.0;5;1;0;-1;0;0;-1;112654;25;10;2019;19:20;4;69;69029;1;1;1;4;A43   0.550 A 3.353;45,7267200;4,9146900;1;43;0.0;;3;6;0;1;2;599;1;;;1;0;1;70;A01;2;7;0;2;1;2;1;
201900056602;138 199 714;B01;1;1;4;1;1980.0;0;0;-1;-1;0;0;-1;127926;2;12;2019;15:29;1;88;88196;2;2;1;3;28 Boulevard de la Jamagne;48,0759050;6,8763990;3;417;0.0;D;2;2;2;1;31;(1);1;;;1;0;5;50;B01;1;1;0;2;1;1;5;
201900001707;138 303 375;A01;7;2;1;2;1955.0;5;1;-1;-1;0;0;-1;3780;1;6;2019;14:30;1;84;84069;1;1;1;1;RD 19;44,1734100;5,1312660;3;19;;;2;2;0;1;(1);(1);3;;;1;0;1;80;A01;2;7;0;2;3;0;2;
202300054658;155 583 612;B01;1;1;4;1;1984.0;0;2;6;-1;-1; -1;-1;203 721 094;29;3;2023;14:15;1;77;77373;1;1;1;6;RN104;48,76694017;2,61376289;2;RN104;0.0;;-1;2;0;1;7;599;1;; -1;1;0;1;90;B01;2;34;0;2;1;2;1;
202200006713;802 042;A01;2;2;1;1;2000.0;0;1;0;-1;-1; -1;-1;1 083 802;4;8;2022;02:45;5;94;94041;2;2;1;3;JEAN COMPAGNON (QU);48,8194600000;2,3978500000;3;JEAN COMPAGNON (QU);0.0;;2;2;0;1;1;0;1;; -1;1;0;1;50;A01;1;7;0;2;1;0;1;
202100030258;147 679;A01;1;1;3;2;1996.0;0;1;-1;-1;0;0;-1;195 148;8;7;2021;13:50;1;83;83073;1;1;1;6;A8 Pk 093.400;43,4045382354;6,2982773781;1;8;-1.0;;3;4;0;2;93;400;2;; -1;1;0;1;130;A01;2;7;4;0;1;1;1;
202400007499;155 768 631;A01;1;1;1;1;1994.0;1;1;0;-1;-1; -1;-1;203 970 951;19;3;2024;08:45;1;31;31555;2;1;1;3;AV DE LARRIEU;43,54876455;1,41635388;4;AV DE LARRIEU;0.0;;2;2;0;1; -1; -1;1;; -1;1;0;1;50;A01;0;7;0;2;2;17;1;
202200023190;772 729;A01;1;1;1;2;1979.0;4;1;8;-1;0;0;-1;1 044 692;8;3;2022;10:20;1;974;97411;2;2;1;6;PARIS (RUE DE); -20,8820900000;55,4497500000;4;PARIS (RUE DE);0.0;;2;3;0;1;0;0;1;; -1;1;0;1;50;A01;1;37;0;1;1;1;1;1.0
202300051569;155 589 093;A01;10;3;4;2;1953.0;5;0;-1;-1;4;3;1;203 728 508;28;10;2023;12:10;1;75;75110;2;3;1;6;RUE DU FAUBOURG SAINT MARTIN;48,88253000;2,36692200;4;RUE CHAUDRON;0.0;;2;2;2;4; -1; -1;1;; -1;2;0;1;30;A01;2;7;0;1;1;16;1;
202400040428;155 710 528;A01;1;1;1;1;1974.0;0;1;0;-1;-1; -1;-1;203 892 739;1;11;2024;19:45;5;42;42207;2;2;1;3;Quai de la Rive;45,47905000;4,51555000;7;CHARITE RUE DE LA;0.0;;2;2;0;1; -1; -1;1;; -1;1;5;1;50;A01;3;3;0;2;1;15;1;
202200033446;754 335;A01;1;1;1;2;2001.0;5;1;-1;-1;0;0;-1;1 020 253;11;4;2022;14:00;1;55;55265;1;1;1;1;route départementale 903;49,0964920000;5,7846450000;3;903;0.0;;2;2;0;1;30;600;2;; -1;1;0;1;90;A01;2;7;0;2;1;17;1;
202200030209;760 128;A01;1;1;1;2;1998.0;9;1;0;-1;-1; -1;-1;1 028 014;18;5;2022;21:30;1;86;86194;2;1;1;6;Avenue de la Fayette;46,5762030000;0,3735780000;4;LAFAYETTE (AVENUE DE);0.0;;2;2;3;1;(1);(1);1;; -1;1;0;1;50;A01;3;7;0;1;1;1;1;
202400035001;155 720 102;B01;1;1;3;1;2001.0;0;2;6;-1;-1; -1;-1;203 905 663;11;12;2024;13:30;1;974;97411;2;2;1;3;RIVIERE DES PLUIES (ROUTE DE LA); -20,90120000;55,50118000;2;LASTRONS (RUE DES);0.0;;3;2;0;1;0;0;1;; -1;1;0;1;50;B01;2;32;0;2;0;0;1;
202100052634;107 644;A01;1;1;3;1;1974.0;5;2;-1;-1;0;0;-1;142 896;3;2;2021;10:35;1;76;76055;1;2;1;3;D131;49,6361600000;0,7354900000;3;131;0.0;;2;2;0;1;20;610;1;; -1;1;0;1;80;A01;2;1;0;2;1;1;5;
201900024874;138 259 533;A01;2;2;4;1;2001.0;0;1;0;-1;0;0;-1;56343;27;6;2019;00:57;3;29;29232;1;1;1;7;LENDU ROUTE DU;47,9369000; -4,0666000;4;LENDU ROUTE DU;0.0;;2;2;0;1;0;0;3;;;1;0;1;50;A01;3;7;13;0;2;1;1;
202300036812;155 615 315;A01;1;1;4;2;1985.0;5;1;0;-1;-1; -1;-1;203 763 906;5;10;2023;09:25;1;13;13005;1;1;1;6;A50-Sens Marseille vers Aubagne;43,28891433;5,56001531;1;A50-Sens Marseille vers Aubagne;0.0;;1;2;0;1;14;0;3;; -1;1;0;1;90;A01;1;7;5;0;7;14;1;
202200022923;773 186;A01;1;1;1;1;2001.0;5;1;-1;-1;0;0;-1;1 045 316;16;12;2022;19:05;5;29;29019;2;1;1;3;rue Paul Doumer;48,3986200000; -4,4879500000;4;RUE PAUL DOUMER;0.0;;3;3;0;2;(1);(1);1;; -1;1;1;1;50;A01;2;7;0;2;8;15;1;
201900010941;138 286 155;A01;1;1;1;1;1973.0;9;1;0;-1;-1; -1;-1;24720;6;7;2019;16:00;1;93;93001;2;1;1;2;LUCIEN LEFRANC (QUAI);48,9113700;2,3735200;3;24;0.0;;1;2;0;1;0;1;1;;;1;0;1;50;A01;1;10;0;2;1;0;0;
202100002803;196 759;A01;1;1;1;1;1987.0;4;1;0;-1;-1; -1;-1;260 701;15;12;2021;10:25;1;94;94058;2;9;1;6;Avenue Pierre Brossolette;48,8345630000;2,5098830000;3;PIERRE BROSSOLETTE (AV);0.0;;2;2;0;1;1;0;1;; -1;1;0;1;50;A01;1;17;1;0;5;15;1;
201900014620;138 279 116;A01;1;1;1;2;1964.0;4;1;8;-1;-1; -1;-1;33001;19;11;2019;11:05;1;972;97209;2;9;1;2;RENE MARAN (RUE);14,6135300; -61,0545900;4;RENE MARAN (RUE);0.0;;1;1;0;1;(1);(1);1;;;1;0;1;50;A01;2;7;0;2;3;9;1;
202200023811;771 626;B01;1;1;4;2;1990.0;0;1;0;-1;-1; -1;-1;1 043 191;5;10;2022;14:35;1;05;05061;2;1;1;2;MARECHAL FOCH ( AVENUE DU );44,5637200000;6,0882000000;2;MARECHAL FOCH ( AVENUE DU );0.0;;2;3;0;1;70;450;1;; -1;1;0;1;50;B01;1;7;0;2;4;1;1;
202100007253;188 791;A01;1;1;4;2;1951.0;5;1;0;-1;-1; -1;-1;250 082;18;11;2021;14:30;1;45;45285;1;1;1;6;RN 60;47,9173400000;1,8713800000;3;RN 60;0.0;;2;6;0;1;1;0;1;; -1;1;0;1;70;A01;1;7;3;0;1;1;1;
202000010770;154 723 327;B01;1;1;4;2;1996.0;0;2;6;9;0;0;-1;23682;14;5;2020;15:30;1;13;13089;1;2;1;3;D74;43,8220650;4,9380330;3;74;-1.0;;2;2;0;1;(1);(1);1;;6;1;0;1;50;B01;1;33;0;2;8;1;1;
202300010906;155 661 214;B01;1;1;1;1;1973.0;5;1;0;-1;-1; -1;-1;203 825 230;8;7;2023;13:30;1;94;94034;1;1;1;5;A86;48,75843710;2,32563827;1;86;0.0;;3;2;0;1;51;200;1;;7;1;1;1;70;B01;2;7;0;2;2;2;3;
202000035944;154 679 216;A01;1;1;1;1;1995.0;1;2;6;-1;0;0;-1;79072;10;1;2020;09:30;1;75;75112;2;2;1;6;RUE TAINE;48,8385560;2,3931770;4;;0.0;;2;2;0;2;0;0;1;;5;2;0;1;30;A01;2;31;0;1;1;17;1;
201900016746;138 275 148;A01;2;2;1;1;1992.0;5;1;0;-1;-1; -1;-1;37721;28;12;2019;21:45;5;93;93066;2;1;1;6;"""GUESDE JULES (BOULEVARD), NR 7 A 53""";48,9362410;2,3499990;3;24;0.0;;2;3;0;1;0;1;1;;;1;0;1;50;A01;1;7;0;1;2;26;1;
201900010712;138 286 558;B01;1;1;1;1;1975.0;5;1;-1;-1;0;0;-1;24221;7;8;2019;16:00;1;52;52384;1;1;1;2;a31 pk 104+550;47,8208760;5,2248010;1;31;;;3;4;0;1;104;550;1;;;1;0;1;130;B01;1;7;0;0;6;2;1;
202300037445;155 614 190;A01;1;1;3;1;1983.0;5;2;8;-1;-1; -1;-1;203 762 390;22;6;2023;10:00;1;13;13214;2;2;2;3;MONT LEON (RUE);43,33101000;5,38285000;4;MONT LEON (RUE);0.0;;2;2;0;1;0;0;1;; -1;2;0;1;50;A01;0;30;0;2;7;21;1;
201900023281;138 262 720;A01;1;1;3;1;2002.0;5;8;0;-1;-1;0;-1;52666;12;5;2019;18:20;1;86;86066;2;3;1;3;PLESSARD (RUE CHARLES);46,7994100;0,5341400;4;PLESSARD (RUE CHARLES);0.0;;2;2;0;1;0;0;1;;;1;0;1;50;A01;3;0;0;2;1;19;0;
202300043022;155 604 294;B01;1;1;4;2;1990.0;1;1;-1;-1;0;0;-1;203 749 092;21;7;2023;14:45;1;27;27587;1;1;7;1;Rd 47;49,28832700;0,64162700;3;47;0.0;;2;2;0;3;10;0;3;;5;1;0;1;80;B01;2;7;0;2;3;1;1;
202300003605;155 674 208;A01;1;1;1;1;2000.0;5;8;-1;-1;0;0;-1;203 842 744;24;9;2023;02:18;3;28;28158;1;1;5;5;D921;48,41033200;1,42272900;3;921;0.0;;2;2;0;1;5;500;1;;7;1;0;1;90;A01;1;7;1;2;3;2;1;
202000015687;154 714 692;A01;1;1;1;2;1998.0;0;8;0;-1;-1; -1;-1;34702;13;8;2020;08:50;1;93;93005;2;1;1;5;MARC CHAGALL (BOULEVARD);48,9521781;2,4941127;3;932;0.0;;1;3;0;1;1;1;1;; -1;1;0;1;50;A01;2;7;0;2;1;1;1;
202300054759;155 583 445;A01;1;1;4;1;1994.0;5;1;-1;-1;0;0;-1;203 720 854;27;10;2023;19:28;3;2A;2A247;1;1;1;6;route de bocca del oro;41,55716300;9,28155900;4;;0.0;;2;2;0;1; -1; -1;3;; -1;1;0;3;80;A01;3;7;2;0;1;1;1;
202000017039;154 712 282;A01;1;1;4;2;1990.0;0;1;0;-1;-1; -1;-1;37747;24;2;2020;17:19;1;93;93008;2;2;1;3;GRANDE DENISE (RUE DE LA);48,9126700;2,4685900;4;ROBESPIERRE (RUE) D20;0.0;;2;2;0;1;0;0;1;; -1;1;0;1;50;A01;-1;7;0;2;-1;-1;-1;
202300027179;155 632 387;C01;1;1;4;2;1994.0;1;8;0;-1;-1; -1;-1;203 786 744;11;10;2023;08:10;1;75;75115;2;2;1;6;RUE DE LA CONVENTION;48,83806400;2,29460400;4;;-1.0;;-1; -1;-1;1; -1; -1;1;; -1;1;0;1;30;C01;2;1;0;2;4;1;5;
202100050316;111 762;B01;4;2;4;1;2006.0;0;1;0;-1;-1; -1;-1;148 238;24;2;2021;14:10;1;78;78551;2;1;1;4;RN 13;48,8979500000;2,0767900000;2;RN 13;0.0;;3;4;0;2;23;900;1;; -1;1;3;1;70;B01;1;7;0;2;4;2;1;
202200013897;789 330;Z01;1;1;1;-1;;-1;-1;-1;-1;-1; -1;-1;1 066 976;5;2;2022;12:05;1;93;93001;2;2;1;3;JEAN JAURES (AVE) 55 A 129;48,9037935334;2,3919552487;3;JEAN JAURES (AVE) 55 A 129;0.0;;2;2;1;1;0;1;1;; -1;1;0;1;50;Z01;-1;10;0;0;0;0;6;
202200037203;747 660;B01;1;1;4;2;1989.0;1;2;0;-1;0;0;-1;1 011 240;14;6;2022;09:50;1;75;75112;2;1;1;3;PORTE DE CHARENTON;48,8308070000;2,4031540000;4;PORTE DE CHARENTON;0.0;;1;4;0;1;34;0;1;; -1;1;0;1;70;B01;2;31;0;2;8;3;1;
202200044744;734 306;E01;1;1;1;1;1991.0;1;1;-1;-1;0;0;-1;993 186;21;2;2022;08:00;1;22;22093;1;1;8;4;RN12;48,4585290304; -2,5258835412;2;12;0.0;N;3;4;0;1;38;500;1;; -1;2;0;1;110;E01;1;7;0;2;1;1;1;
202000019914;154 707 172;A01;10;3;4;2;1954.0;3;0;-1;-1;3;1;2;44080;20;12;2020;16:00;1;51;51172;2;1;1;7;Boulevard d’Alsace Lorraine;49,2162839;4,0500903;4;;0.0;;1;4;0;1;(1);(1);1;; -1;1;0;1;50;A01;1;7;0;1;3;1;2;
202200041651;739 781;A01;1;1;4;1;1980.0;1;2;6;-1;0;0;-1;1 000 587;13;5;2022;19:25;1;75;75114;2;4;1;2;BD PERIPHERIQUE INTERIEUR;48,8248305620;2,3044983298;4;PORTE DE VANVES;0.0;;1;3;0;3;6;750;1;; -1;1;1;1;50;A01;1;33;0;2;1;3;1;
202300013240;155 657 054;B01;1;1;4;1;1994.0;0;2;6;-1;-1; -1;-1;203 819 583;17;9;2023;18:30;1;94;94043;2;1;1;3;Avenue de Fontainebleau;48,81133104;2,36197861;3;7;0.0;;2;4;3;1;0;0;1;;12;1;0;1;50;B01;1;33;0;2;3;1;0;
202400027106;155 733 980;A01;1;1;3;1;1971.0;3;1;-1;-1;-1; -1;-1;203 924 578;6;8;2024;14:26;1;32;32013;1;1;1;7;HAGET (CHEMIN DU);43,65308297;0,60182333;4;HAGET (CHEMIN DU);0.0;;2;2;0;1;0;0;1;; -1;1;0;1;50;A01;3;7;15;0;9;1;1;
201900006707;138 293 898;A01;1;1;4;1;1985.0;5;1;-1;-1;0;0;-1;15147;15;10;2019;21:30;5;60;60141;1;2;1;5;5 Avenue du Général Leclerc;49,1823110;2,4583650;3;1016;;;2;2;0;1;5;850;1;;;1;0;1;50;A01;2;7;1;2;3;15;1;
202400053147;155 688 296;B01;1;1;1;2;1969.0;5;1;-1;-1;0;0;-1;203 862 536;12;8;2024;17:34;1;88;88196;1;1;1;3;Route de la Bresse;48,06478800;6,86129500;3;486;0.0;D;2;2;0;2;34;450;2;;5,5;1;0;1;80;B01;2;7;0;2;3;1;1;
202100040744;128 782;B01;1;1;1;1;1966.0;5;1;-1;-1;-1; -1;-1;170 221;8;5;2021;19:40;1;51;51454;2;3;1;3;Rue de Neufchatel;49,2799400000;4,0271100000;3;NEUFCHATEL (RUE DE) DU N° 123 A FIN (IMP;0.0;;2;2;0;1;1;430;1;; -1;1;0;1;50;B01;1;7;0;2;1;1;1;
202100032372;143 899;A01;1;1;1;2;1963.0;-1;-1;0;0;-1; -1;-1;190 024;10;6;2021;14:45;1;57;57117;2;9;7;6;L Oree du Bois;49,3354140000;6,3284580000;4;;-1.0;;-1;2;0;2;(1);(1);1;;5;1;0;8;30;A01;3;21;0;1;8;23;6;
202100021758;162 734;C01;1;1;1;-1;;-1;-1;-1;-1;-1; -1;-1;215 933;30;8;2021;16:30;1;95;95277;1;1;1;6;RD317;48,9860700000;2,4715500000;3;RD317;0.0;;3;4;3;1;3;800;1;; -1;1;0;1;90;C01;1;17;0;0;8;1;0;
202400040582;155 710 254;B01;1;1;1;2;1991.0;0;1;-1;-1;0;0;-1;203 892 381;26;10;2024;13:55;1;13;13067;1;1;1;1;Chemin de Bazarde;43,80071300;5,03903400;4;;0.0;;2;2;0;1; -1; -1;3;; -1;1;0;1;80;B01;0;10;0;2;3;1;1;
202100008449;186 636;A01;1;1;1;2;1973.0;4;1;0;-1;-1; -1;-1;247 277;11;11;2021;08:35;1;78;78551;2;1;1;3;PEREIRE;48,9016870000;2,0764080000;4;PEREIRE;0.0;;2;2;0;1;(1);(1);1;; -1;1;0;1;50;A01;3;7;0;2;3;9;1;
201900051064;138 210 169;B01;1;1;4;1;1996.0;0;2;0;-1;-1; -1;-1;115354;5;12;2019;17:20;5;69;69387;2;2;1;3;CHALOPIN                            (R );45,7520100;4,8449700;4;CHALOPIN                            (R );0.0;;1;1;1;1;0;0;1;;;1;0;1;50;B01;1;2;0;2;8;0;1;
202000030011;154 689 511;A01;1;1;1;2;1945.0;5;8;0;-1;0;0;-1;65989;13;1;2020;18:10;5;29;29232;2;1;2;6;Rue de Pont-l'Abbe;47,9903200; -4,1123700;4;Rue de Pont-l'Abbe;0.0;;2;2;0;1;0;0;2;; -1;2;0;1;50;A01;1;7;0;1;1;15;1;
202300042018;155 606 099;A01;10;3;4;1;1965.0;4;0;-1;-1;3;9;2;203 751 494;22;2;2023;11:15;1;92;92050;2;1;8;6;NORMANDIE ALLEE DE;48,90066000;2,21756000;4;NORMANDIE ALLEE DE;0.0;;2;2;0;1;0;0;1;; -1;1;0;1;50;A01;2;7;0;1;2;17;1;
202000034425;154 681 941;A01;1;1;3;2;1932.0;5;1;0;-1;-1; -1;-1;75636;13;3;2020;09:15;1;03;03310;2;1;1;6;Rue des Alpes;46,1306606;3,4168506;4;rue des Alpes;0.0;;1;1;0;1;(1);(1);1;; -1;1;0;1;50;A01;0;7;0;1;2;1;1;
202100025138;156 723;B01;1;1;4;1;2000.0;0;1;0;-1;0;0;-1;207 650;7;8;2021;17:00;1;06;06123;2;1;1;3;VESPINS ROUTE DES;43,6603100000;7,1800600000;7;VESPINS ROUTE DES;0.0;;2;3;0;1;(1);(1);1;; -1;1;0;1;50;B01;2;7;0;2;1;1;1;
202000015187;154 715 577;B01;1;1;3;1;1969.0;5;2;6;-1;0;0;-1;33540;28;6;2020;00:50;3;28;28325;1;1;1;5;D24;48,4621550;1,3782320;3;24;0.0;;2;2;2;1;34;33;1;; -1;1;0;1;80;B01;2;2;0;2;3;1;1;
202400039628;155 711 945;B01;1;1;4;1;2018.0;9;8;0;-1;-1; -1;-1;203 894 741;4;4;2024;10:15;1;974;97416;2;4;1;3;GAGARINE (RUE YOURI); -21,32973000;55,47910000;4;CIMENDEFS (RUE DES);0.0;;2;2;0;1;0;0;1;; -1;1;9;1;50;B01;1;1;0;2;7;15;5;
202000003575;154 735 945;B01;3;2;4;1;1983.0;0;1;0;-1;-1; -1;-1;7891;21;6;2020;18:45;1;82;82121;1;1;1;1;ROUTE DE CASTELSARRASIN;44,0153400;1,3123500;3;958;0.0;;2;2;0;1;66;577;1;; -1;1;0;1;70;B01;2;7;0;2;1;1;1;
201900006046;138 295 171;A01;1;1;1;2;1983.0;1;1;8;-1;-1;0;-1;13629;17;9;2019;19:15;1;92;92073;2;3;1;3;TUILERIE (RUE DE LA);48,8624303;2,2148931;4;TUILERIE (RUE DE LA);0.0;;4;1;0;2;0;0;1;;;1;0;1;30;A01;3;7;0;2;3;9;1;
202200047964;728 597;B01;1;1;3;1;1996.0;1;8;0;-1;-1; -1;-1;985 647;6;5;2022;07:35;1;82;82033;1;1;1;1;PONTINAUT (ROUTE DU);44,0416710000;1,1291400000;4;PONTINAUT (ROUTE DU);0.0;;2;2;0;1;(1);(1);3;; -1;1;0;1;80;B01;2;1;0;2;1;0;5;
202200047569;729 290;A01;10;3;4;2;2018.0;5;0;-1;-1;5;2;2;986 556;8;1;2022;20:00;3;974;97411;2;1;3;6;SAINT-FRANCOIS (BOULEVARD); -20,9001700000;55,4638200000;3;SAINT-FRANCOIS (BOULEVARD);0.0;;2;0;0;3;1;400;3;; -1;2;0;3;30;A01;2;7;0;1;1;14;1;
201900023487;138 262 278;A01;1;1;1;2;1985.0;5;1;8;-1;0;0;-1;53135;1;5;2019;12:10;1;76;76540;2;3;1;3;MARTYRS DE LA RESISTANCE. AVENUE;49,4207400;1,0789800;4;MARTYRS DE LA RESISTANCE. AVENUE;0.0;;2;2;0;1;0;0;1;;;1;0;1;50;A01;0;7;0;2;3;15;1;
202200038677;744 994;B01;1;1;4;1;2001.0;5;1;-1;-1;0;0;-1;1 007 697;14;7;2022;22:05;5;83;83065;1;1;1;3;D98;43,2638310000;6,6114950000;3;98;-1.0;;2;2;1;1;60;0;1;; -1;1;0;5;50;B01;1;7;4;1;3;1;1;
202400048945;155 695 578;C01;1;1;4;1;1978.0;5;8;-1;-1;0;0;-1;203 872 420;2;1;2024;00:45;3;28;28199;1;1;6;4;Autoroute A10;48,21091900;1,84780600;1;10;-1.0;;3;3;0;1;63;900;1;;13,5;2;0;1;130;C01;2;7;3;0;4;1;1;
202400047722;155 697 745;A01;1;1;1;1;1962.0;1;1;0;-1;-1; -1;-1;203 875 307;17;2;2024;18:20;2;04;04112;2;1;1;3;POMPIDOU (AV.GEORGES);43,82449000;5,78439000;4;POMPIDOU (AV.GEORGES);0.0;;2;2;0;1;0;0;1;; -1;1;0;1;50;A01;0;7;0;2;2;15;1;
202200012088;792 471;A01;1;1;1;1;1966.0;1;1;-1;-1;0;0;-1;1 071 228;7;2;2022;12:25;1;41;41164;2;3;1;3;30 Avenue de la Gare;47,2842930000;1,3832830000;3;675;-1.0;D;2;2;1;1;15;502;1;; -1;1;-1;5;50;A01;-1;7;0;9;2;9;1;
202300020963;155 643 381;Z01;1;1;1;1;;0;8;0;-1;-1; -1;-1;203 801 456;29;1;2023;18:54;5;93;93062;2;1;1;1;Allée Nicolas Carnot;48,88985000;2,51546000;4;NICOLAS CARNOT (ALLEE);0.0;;2;2;0;2;0;0;1;; -1;1;0;1;30;Z01;0;7;0;2;1;0;0;
202400009512;155 765 022;A01;1;1;1;2;1991.0;0;1;8;-1;-1; -1;-1;203 966 113;17;3;2024;16:30;1;972;97209;1;1;1;2;REDOUTE (ROUTE DE LA);14,62217000; -61,06046000;2;REDOUTE (ROUTE DE LA);0.0;;2;2;0;2;14;621;1;; -1;1;0;1;50;A01;1;7;0;2;6;1;1;
202300043172;155 604 015;A01;1;1;3;1;1974.0;1;2;-1;-1;0;0;-1;203 748 701;21;6;2023;07:05;1;84;84092;1;1;2;2;Route de Sorgues (rd 907);43,96324000;4,85104900;3;907;0.0;D;2;2;0;1;44;300;1;;7;2;0;1;70;A01;1;32;7;2;1;18;1;
202300050563;155 590 846;A01;1;1;1;1;1973.0;1;1;0;-1;-1; -1;-1;203 730 940;28;9;2023;08:05;1;37;37261;2;9;1;3;CONSTANTINE (RUE DE);47,39622000;0,68402000;4;CONSTANTINE (RUE DE);0.0;;1;1;0;1; -1; -1;2;; -1;1;9;1;30;A01;2;7;0;2;7;1;1;
201900047296;138 217 116;B01;4;2;4;1;2009.0;5;1;-1;-1;0;0;-1;106803;8;12;2019;20:10;3;27;27599;1;1;9;1;Route Departementale 6015;49,1495610;1,3833900;3;6015;;D;2;2;0;2;13;150;1;;;2;0;1;70;B01;1;7;0;2;1;0;1;
202300024222;155 637 657;B01;1;1;2;1;2007.0;5;0;-1;-1;0;0;-1;203 793 653;7;3;2023;17:40;2;972;97223;2;4;1;1;Route départementale 6;14,55846500; -60,94280400;3;6;0.0;;2;2;0;1; -1; -1;1;; -1;1;0;1;50;B01;1;1;0;2;1;19;5;
202200026805;766 250;B01;2;2;4;2;1963.0;5;1;-1;-1;-1;0;-1;1 036 053;21;7;2022;14:20;1;95;95306;1;1;1;3; A15;49,0060000000;2,1642300000;1;AUTOROUTE A15;0.0;;3;6;0;1;16;799;1;; -1;1;0;1;110;B01;2;7;0;2;7;1;1;
202300002393;155 676 359;B01;1;1;1;1;1977.0;5;1;0;-1;-1; -1;-1;203 845 565;27;11;2023;19:00;5;34;34003;2;3;2;1;SERGENTS (I14 A K17;43,28305000;3,51496000;4;CABESTAN (IMPASSE DU);0.0;;3;1;0;1; -1; -1;1;; -1;2;0;1;50;B01;1;7;0;9;3;15;1;
202000042295;154 667 963;B01;1;1;4;2;1958.0;9;1;8;-1;-1; -1;-1;93134;23;1;2020;15:30;1;971;97107;2;3;1;3;FLAMBOYANTS ( ALLEE DES );16,0518600; -61,5649100;4;;0.0;;2;2;0;1;1;0;1;; -1;1;0;1;50;B01;2;7;0;2;8;15;1;
202300024140;155 637 789;A01;10;3;4;2;1980.0;9;0;-1;-1;3;3;1;203 793 847;7;3;2023;21:40;5;75;75101;2;3;2;6;PONT NEUF;48,85686800;2,34121900;4;PONT NEUF;0.0;;2;2;0;1; -1; -1;1;; -1;2;0;1;30;A01;3;50;0;1;1;1;3;
202100055376;102 858;A01;1;1;1;1;1994.0;5;1;0;-1;-1; -1;-1;136 487;12;1;2021;18:30;5;92;92020;2;8;2;6;PARIS AVENUE DE N°84 A FIN;48,8069758987;2,2935837507;3;906;0.0;;2;4;1;2;0;0;1;; -1;2;4;1;50;A01;0;7;0;1;1;15;1;
202100014013;176 652;A01;1;1;1;1;1967.0;1;1;0;-1;0;0;-1;234 087;10;10;2021;13:30;1;75;75120;2;4;1;3;BOULEVARD DAVOUT;48,8562840000;2,4099860000;4;BOULEVARD DAVOUT;0.0;;3;2;0;1;(1);(1);1;; -1;1;0;1;30;A01;2;7;0;2;2;12;1;
202100006469;190 235;A01;1;1;1;1;1972.0;4;1;0;-1;0;0;-1;251 958;24;11;2021;06:20;2;75;75108;2;4;1;3;RUE DE COURCELLES;48,8763780000;2,3078680000;4;RUE DE COURCELLES;0.0;;2;2;0;1;(1);(1);1;; -1;1;0;1;30;A01;2;7;0;2;3;22;1;
202300054690;155 583 564;A01;1;1;1;1;1958.0;4;1;4;-1;-1; -1;-1;203 721 024;13;7;2023;07:40;1;974;97407;1;1;1;3;MARINE(BOULEVARD); -20,94910000;55,28458000;4;MARINE(BOULEVARD);0.0;;-1;0;0;1;0;0;1;; -1;1;0;1;50;A01;3;14;0;9;3;16;1;
202300051628;155 588 978;A01;1;1;1;1;1997.0;5;1;-1;-1;0;0;-1;203 728 350;2;12;2023;17:40;3;01;01258;1;4;9;2;Route de Châtillon;46,09629000;4,82230900;3;17;0.0;;2;2;0;1;42;86;1;;5,5;2;0;1;80;A01;2;7;0;2;3;1;1;
202400033793;155 722 248;A01;1;1;4;1;1994.0;0;2;6;-1;-1; -1;-1;203 908 572;23;7;2024;08:47;1;33;33063;1;1;1;7;;44,88374500; -0,55677700;1;ROCADE A 630;0.0;;3;4;0;1;4;599;3;;14;1;3;1;50;A01;1;33;16;0;7;0;0;
202200036559;748 803;C01;2;2;1;1;1999.0;5;8;0;-1;-1; -1;-1;1 012 776;25;8;2022;13:20;1;91;91468;1;1;1;5;AUTOROUTE A6;48,5738000000;2,4670700000;1;AUTOROUTE A6;0.0;;3;3;0;2;32;500;1;; -1;1;0;1;110;C01;1;7;0;2;4;1;1;
202200003119;808 454;D01;1;1;1;2;1954.0;5;1;0;-1;-1; -1;-1;1 092 357;6;5;2022;10:45;1;77;77251;1;1;1;5;N104;48,6447680000;2,5435930000;2;RN 104;0.0;;3;4;0;1;26;799;1;; -1;1;0;1;110;D01;2;7;0;2;8;2;1;
201900042566;138 226 114;B01;1;1;1;2;1994.0;3;1;-1;-1;0;0;-1;95962;2;3;2019;11:17;1;83;83068;1;1;1;5;Route de Cogolin;43,2581500;6,5317490;3;558;;;2;2;0;1;30;400;1;;;1;0;1;70;B01;1;7;0;2;2;1;1;
202400033509;155 722 723;B01;1;1;1;1;1981.0;0;1;-1;-1;0;0;-1;203 909 224;16;1;2024;10:50;1;44;44195;1;3;1;3;Route de Lavau;47,34808100; -1,95489600;3;3;-1.0;;2;2;0;1;43;736;1;;5;1;0;1;80;B01;1;7;0;2;1;1;1;
202100033730;141 473;B01;9;2;3;2;2016.0;9;1;9;-1;0;0;-1;186 864;18;6;2021;10:00;1;30;30088;1;1;1;1;D 999;43,8614380000;4,1433160000;3;999;-1.0;;2;2;0;2;43;200;2;; -1;2;0;1;70;B01;2;7;0;2;3;26;1;
202000017487;154 711 474;A01;7;2;2;1;1977.0;5;1;-1;-1;0;0;-1;38758;12;6;2020;21:40;1;85;85003;1;1;2;6;D978;46,7671800; -1,6169800;3;978;0.0;;2;2;0;1;12;800;1;;7;2;0;3;70;A01;1;7;2;0;8;1;0;
202200004019;806 839;A01;1;1;1;1;1997.0;0;1;-1;-1;0; -1;-1;1 090 163;16;6;2022;17:32;1;06;06088;2;9;1;6;ARIANE (BD DE L');43,7346300000;7,2961900000;4;ARIANE (BD DE L');0.0;;2;2;0;1;(1);(1);1;; -1;1;0;1;30;A01;1;7;0;1;1;13;1;
202300023882;155 638 237;A01;2;2;1;2;2003.0;5;1;-1;-1;0;0;-1;203 794 497;3;8;2023;12:45;1;22;22048;1;1;1;6;la Hestrinais;48,50128300; -2,17124800;3;62;0.0;D;-1;2;0;1;8;5 189;1;;4;2;0;3;80;A01;1;7;13;0;7;1;1;
202400046665;155 699 572;A01;1;1;1;1;1990.0;0;1;0;-1;-1; -1;-1;203 877 821;6;5;2024;12:50;1;80;80021;2;1;1;1;Chemin de la Salle;49,90727000;2,28966000;4;SALLE (CHEMIN DE LA);0.0;;2;2;0;1; -1; -1;1;; -1;1;0;1;50;A01;0;7;0;9;0;10;1;
202400001661;155 778 847;B01;1;1;1;1;2008.0;5;0;-1;-1;0;0;-1;203 984 614;10;7;2024;20:45;1;63;63213;1;1;1;3;Chemin communal;45,81990200;3,24894900;9;inc;-1.0;;-1;2;0;1; -1; -1;1;; -1;1;0;1;-1;B01;0;35;0;2;8;0;1;
202000002790;154 737 359;A01;1;1;1;2;1982.0;0;1;0;-1;-1; -1;-1;6226;28;11;2020;10:50;1;44;44162;2;1;7;6;RUE OCEANE;47,2248000; -1,6259700;6;;0.0;;-1;-1;0;1;(1);(1);1;; -1;2;0;1;30;A01;1;7;0;1;3;1;1;
202200029314;761 711;A01;1;1;4;2;1933.0;5;8;0;-1;-1; -1;-1;1 030 125;24;1;2022;10:30;1;92;92025;2;7;1;3;VALMY (BD DE);48,9362019042;2,2571859062;3;13;0.0;;2;2;0;1;0;0;1;; -1;1;8;1;30;A01;3;1;0;2;1;15;5;
202400037625;155 715 458;A01;1;1;4;1;1991.0;4;2;6;-1;-1; -1;-1;203 899 482;20;2;2024;11:35;1;59;59350;2;1;1;2;Rue du Faubourg des Postes;50,61500000;3,04840000;7;FAUBOURG DES POSTES RUE;0.0;;2;2;0;1;12;530;1;; -1;1;0;1;30;A01;2;2;0;2;1;2;1;
202100009349;184 995;B01;1;1;4;1;1985.0;9;1;-1;-1;0;0;-1;245 074;5;11;2021;18:35;3;64;64437;1;1;2;5;RD933 PK54+500;43,2638547199; -1,0394954681;3;933;-1.0;;2;2;0;4;54;500;1;; -1;2;0;1;80;B01;1;7;0;2;4;15;1;
202200011183;794 042;C01;1;1;1;2;1942.0;3;8;0;-1;-1; -1;-1;1 073 277;29;5;2022;17:05;1;92;92077;2;9;1;4;SEVRES (RUE DE);48,8260700000;2,1969100000;3;407;0.0;;2;2;0;1;0;0;1;; -1;1;0;1;50;C01;3;7;0;2;4;23;1;
201900033969;138 242 367;A01;1;1;4;1;1998.0;0;2;6;-1;-1;0;-1;76817;4;3;2019;21:10;5;92;92050;2;3;1;3;SAULES RUE DES;48,9092180;2,2164750;3;986;0.0;;2;2;0;1;0;0;1;;;1;0;1;50;A01;1;2;0;2;2;1;1;
202100032371;143 901;B01;2;2;4;2;2003.0;0;1;-1;-1;0;0;-1;190 027;21;5;2021;18:30;1;83;83031;1;1;1;3;Route Thoronet D17;43,4021520000;6,3581580000;3;17;0.0;D;-1;2;0;1;12;40;1;; -1;1;0;3;80;B01;1;7;0;2;9;1;0;
202000035511;154 679 997;A01;2;2;1;1;1968.0;3;1;0;-1;-1; -1;-1;78107;28;10;2020;16:42;1;92;92040;2;1;2;2;GAMBETTA (BOULEVARD);48,8272466;2,2785218;3;50;0.0;;2;3;0;1;0;0;1;; -1;2;6;1;30;A01;1;7;0;2;6;23;1;
202400039311;155 712 495;A01;3;2;1;1;2021.0;9;1;8;0;-1; -1;-1;203 895 521;4;4;2024;20:35;2;92;92035;2;3;1;2;National ( boulevard );48,90458571;2,23916146;3;Léon Maurice Nordmann ( rue );0.0;;2;3;0;1;0;0;1;; -1;1;0;8;50;A01;2;7;0;2;2;1;1;
202200005911;803 484;A01;1;1;1;1;1951.0;5;1;-1;-1;0;0;-1;1 085 696;30;12;2022;16:00;1;64;64065;1;1;6;1;départementale 4 PK 010.300, col St Ignace;43,3379220000; -1,6157630000;3;4;-1.0;;2;2;0;2;10;300;3;; -1;1;0;1;80;A01;1;7;0;2;2;1;1;
201900049873;138 212 343;A01;1;1;3;1;1984.0;5;2;-1;-1;0;0;-1;112627;30;10;2019;00:50;3;59;59177;2;1;1;7;Rue de la Brasserie;50,1429890;3,8650080;3;124;;;2;2;0;2;(1);(1);1;;;1;0;1;50;A01;2;2;0;0;0;1;1;
202400001675;155 778 823;A01;1;1;1;1;1962.0;0;1;0;-1;-1; -1;-1;203 984 580;21;3;2024;16:40;1;94;94002;2;3;1;3;Rue Etienne Dolet / Allee du 8 Mai 1945;48,79095000;2,42573000;4;;0.0;;2;2;0;1;0;0;1;; -1;1;0;1;50;A01;2;7;0;2;2;15;1;
202000013596;154 718 373;A01;1;1;1;1;1997.0;1;8;0;-1;-1; -1;-1;30010;15;6;2020;17:35;1;92;92062;2;1;1;3;WALLACE (BD RICHARD) DU 2 AU 28 ET DU 1;48,8785323;2,2422769;3;104;0.0;;2;5;0;1;0;0;1;; -1;1;0;1;30;A01;1;10;0;2;8;10;0;
202400050777;155 692 359;A01;5;2;4;1;2007.0;0;1;0;-1;-1; -1;-1;203 867 988;4;5;2024;02:30;5;94;94001;2;3;1;1;Quai Pasteur / Quai de la Baronnie;48,72391000;2,42756000;3;;-1.0;;2;2;0;1; -1; -1;1;; -1;1;0;1;-1;A01;2;10;0;2;1;5;1;
202100006255;190 617;B01;1;1;4;1;2005.0;2;2;8;-1;-1; -1;-1;252 447;24;11;2021;12:20;1;35;35115;2;1;1;3;MITTERAND (AVENUE FRANCOIS);48,3515800000; -1,2007400000;4;MITTERAND (AVENUE FRANCOIS);0.0;;2;2;1;1;(1);(1);1;; -1;1;0;5;50;B01;1;1;0;1;3;18;5;
202000006821;154 730 268;B01;1;1;1;1;1966.0;5;1;-1;-1;0;0;-1;14947;17;5;2020;19:40;1;95;95535;1;1;1;4;RD14;49,0639130;1,9822810;3;14;0.0;;3;2;0;1;26;300;1;;10,5;1;0;1;110;B01;1;7;0;2;6;11;1;
202400032784;155 724 006;A01;1;1;3;1;1983.0;1;2;-1;-1;0;0;-1;203 911 014;30;5;2024;15:30;1;974;97405;1;9;3;3;Rue Augustin Mézino; -21,36388600;55,53986900;2;2;-1.0;;2;2;0;2;121;89;1;; -1;2;0;1;50;A01;1;31;0;2;8;9;3;
201900049900;138 212 286;A01;1;1;3;2;1968.0;1;1;-1;-1;0;0;-1;112712;12;1;2019;11:00;1;66;66141;2;1;1;7;chemin de la gardiole;42,7421520;2,9348790;4;;0.0;;2;2;0;1;0;0;1;;;1;0;1;50;A01;3;7;2;0;3;1;1;
202100054007;105 213;A01;2;2;1;1;1999.0;0;1;-1;-1;0;0;-1;139 680;23;1;2021;17:45;5;38;38087;2;2;1;5;Chemin Laurent Devalors;45,5747370000;4,8125000000;4;;0.0;;4;2;0;1;(1);(1);1;; -1;1;0;1;50;A01;3;7;0;2;1;5;1;
202000007503;154 729 034;A01;10;3;4;1;1942.0;0;0;-1;-1;4;3;1;16474;29;1;2020;07:55;1;71;71306;2;2;1;6;Rue de Bel Air;46,6749655;4,3686177;4;;0.0;;2;2;0;3;1;0;1;; -1;1;5;1;50;A01;2;10;0;1;1;1;1;
202400005154;155 772 758;A01;1;1;1;1;1971.0;9;8;0;-1;-1; -1;-1;203 976 450;5;6;2024;08:05;1;75;75120;2;9;1;3;AVENUE DE LA PORTE DE VINCENNES;48,84689900;2,41390400;4;AVENUE DE LA PORTE DE VINCENNES;0.0;;1;2;0;1; -1; -1;1;; -1;1;0;1;30;A01;0;10;0;2;1;1;1;
202000019858;154 707 269;C01;2;2;4;1;1953.0;3;1;-1;-1;0;0;-1;43954;22;12;2020;14:50;1;57;57660;1;1;2;4;A320;49,1949980;6,9328020;1;320;-1.0;;3;4;0;1;11;500;1;; -1;2;0;1;110;C01;1;7;0;2;4;1;0;
202000015898;154 714 298;A01;1;1;4;1;1968.0;3;1;8;-1;-1; -1;-1;35186;1;9;2020;08:40;1;03;03190;2;4;1;5;Rue des Garceaux;46,5573092;3,3329129;4;rue des Garceaux;0.0;;2;2;0;1;(1);0;1;; -1;1;0;1;50;A01;1;7;0;2;3;13;1;
202100014217;176 282;B01;1;1;1;2;1980.0;3;1;8;-1;-1; -1;-1;233 571;9;10;2021;18:30;1;94;94046;2;1;1;6;GENERAL LECLERC (AV DU);48,8141000000;2,4252800000;3;GENERAL LECLERC (AV DU);0.0;;3;4;0;1;0;0;1;; -1;1;0;1;50;B01;1;7;0;2;8;1;1;
201900016839;138 274 971;T01;1;1;1;1;1979.0;1;1;0;-1;-1; -1;-1;37951;18;1;2019;06:45;5;94;94017;2;1;8;5;François Mittérrand (avenue);48,8160000;2,5120000;4;François Mittérrand (avenue);0.0;;3;3;0;2;0;0;1;;;2;0;1;50;T01;3;7;0;0;0;1;1;
202100014540;175 714;B01;1;1;1;-1;;-1;-1;-1;-1;-1; -1;-1;232 843;6;10;2021;16:50;1;59;59343;2;1;1;2;JAURES JEAN RUE;50,5850733575;3,1042626500;7;JAURES JEAN RUE;0.0;;-1;1;0;1;(1);(1);3;; -1;1;0;6;50;B01;1;7;0;2;1;9;1;
202000028980;154 691 318;B01;1;1;4;1;1991.0;0;1;-1;-1;0;0;-1;63779;1;4;2020;16:15;1;40;40182;1;3;1;3;D38;44,0838240; -1,1179450;3;38;0.0;A;2;2;0;1;41;0;1;; -1;1;0;1;80;B01;1;7;0;2;2;1;1;
202400040371;155 710 623;A01;1;1;1;2;1965.0;0;1;-1;-1;0;0;-1;203 892 872;10;12;2024;09:51;1;29;29210;1;3;2;2;Lanorgant;48,58041612; -4,02313914;3;19;0.0;D;2;2;0;4;16;540;1;;6;2;0;1;80;A01;1;7;0;2;6;15;1;
202200012563;791 649;A01;1;1;1;1;1942.0;5;1;-1;-1;0;0;-1;1 070 111;31;7;2022;14:30;1;17;17411;2;1;1;6;Quai Raoul Coulon;45,8455240000; -1,2084960000;4;;-1.0;;2;2;3;1;(1);(1);1;;2,5;1;9;1;50;A01;3;7;0;1;2;1;1;
202300052385;155 587 605;A01;2;2;4;2;2007.0;5;2;0;-1;0;0;-1;203 726 516;15;7;2023;22:40;3;54;54431;2;2;2;3;Rue Fabvier;48,90413000;6,05236000;4;FABVIER (RUE);0.0;;1;1;0;1; -1; -1;1;; -1;2;0;1;50;A01;1;30;0;2;7;1;1;
202300050270;155 591 383;B01;1;1;4;1;2006.0;1;2;0;-1;0;0;-1;203 731 630;9;5;2023;07:45;1;17;17415;2;1;2;3;REPUBLIQUE QUAI DE LA;45,74607300; -0,63051300;4;REPUBLIQUE QUAI DE LA;0.0;;2;2;0;1; -1; -1;2;; -1;2;0;1;50;B01;2;30;0;2;7;1;1;
202300043857;155 602 779;A01;8;2;1;1;2008.0;9;1;-1;-1;0;0;-1;203 747 002;3;4;2023;05:10;2;57;57443;1;9;1;7;Autoroute A4 Sens PARIS-METZ PR 311.000;49,20562600;6,12026500;1;4;0.0;A;1;2;0;2;311;170;1;;10;1;0;3;130;A01;1;38;7;0;8;21;1;65.0
202000034192;154 682 341;A01;1;1;1;1;1991.0;4;8;0;-1;0;0;-1;75133;3;7;2020;18:15;1;75;75118;2;1;1;6;BOULEVARD DE CLICHY;48,8835170;2,3338540;4;;0.0;;2;3;0;1;(1);0;1;; -1;1;0;4;1;A01;2;80;0;1;1;25;3;
202000009637;154 725 314;A01;3;2;4;2;1999.0;0;8;0;-1;-1; -1;-1;21220;18;6;2020;07:10;1;13;13202;2;1;1;4;CHEMIN DU LITTORAL (CHEMIN DU);43,3357795;5,3543699;3;5;0.0;;2;2;0;1;0;0;3;; -1;1;9;1;50;A01;2;7;0;2;1;1;1;
202400039140;155 712 802;A01;2;2;2;2;1987.0;5;1;-1;-1;0;0;-1;203 895 991;14;1;2024;15:50;1;63;63290;1;1;8;7;A89, PK 337+650;45,87159916;2,90138901;1;;0.0;A;3;5;3;2;337;650;1;;10;1;0;3;130;A01;1;7;13;0;1;1;1;
202300034551;155 619 336;A01;1;1;1;1;2000.0;1;1;0;-1;-1; -1;-1;203 769 255;13;12;2023;09:40;1;75;75117;2;1;1;2;BOULEVARD PERIPHERIQUE INTERIEUR OUEST;48,89011500;2,29852000;4;BOULEVARD PERIPHERIQUE INTERIEUR OUEST;0.0;;1;4;0;1;18;200;1;; -1;1;0;1;70;A01;1;7;0;2;3;12;1;
201900052753;138 206 852;A01;3;2;3;2;1994.0;5;1;-1;-1;0;0;-1;119145;12;5;2019;19:10;1;3;03291;1;1;1;6;La Bamboche;46,3336560;3,5806080;3;480;0.0;;2;2;0;1;24;97;2;;;1;0;3;80;A01;1;7;2;0;0;1;1;
202100053933;105 344;B01;1;1;3;1;1997.0;9;8;0;-1;-1; -1;-1;139 871;23;1;2021;06:30;5;59;59009;1;1;1;1;D.6, route express;50,6475600000;3,1640500000;7;M6D;0.0;;3;3;0;1;(1);(1);1;; -1;1;0;1;90;B01;1;7;0;2;1;5;1;
201900023183;138 262 963;A01;1;1;1;1;1957.0;5;1;0;-1;0;0;-1;52437;27;6;2019;18:50;1;95;95585;2;1;1;6;PERRET (AVENUE AUGUSTE );48,9760300;2,3811300;4;PERRET (AVENUE AUGUSTE );0.0;;2;2;0;1;(1);(1);1;;;1;0;1;50;A01;3;7;0;1;2;1;4;
202000045787;154 661 829;A01;1;1;1;2;1962.0;5;1;0;-1;-1; -1;-1;100915;1;12;2020;15:25;1;91;91021;2;1;1;1;Avenue de la Division Leclerc;48,5967700;2,2459200;3;449;0.0;;2;2;0;1;(1);(1);1;; -1;1;0;1;50;A01;2;7;0;2;3;13;1;
201900017605;138 273 505;B01;2;2;1;2;1956.0;5;1;-1;-1;0;0;-1;39707;26;4;2019;12:10;1;51;51409;1;1;1;2;A26;48,8747642;4,2890839;1;26;0.0;A;3;4;0;2;319;775;1;;;1;0;1;-1;B01;1;7;0;0;4;1;1;
202100033727;141 477;A01;1;1;4;1;1967.0;5;1;-1;-1;0;0;-1;186 868;19;6;2021;03:20;3;27;27698;1;1;1;6;Route Départementale 39;49,1680400000;0,8817820000;3;39;0.0;D;2;2;0;1;21;500;1;; -1;1;0;1;80;A01;2;7;13;0;2;26;1;
202400033010;155 723 606;B01;1;1;4;2;2005.0;9;1;0;0;-1; -1;-1;203 910 477;14;12;2024;02:35;5;93;93078;2;3;1;1;COUTURIER (AVENUE PAUL VAILLANT);48,96080000;2,53368000;4;;0.0;;2;#VALEURMULTI;0;1;0;0;1;; -1;1;0;1;50;B01;2;7;0;2;1;1;0;
202000032187;154 685 814;A01;1;1;4;1;1972.0;5;1;8;-1;-1; -1;-1;70711;4;7;2020;23:09;3;13;13022;1;1;1;6;A50-Sens Aubagne vers Toulon;43,2127140;5,5819860;1;A50-Sens Aubagne vers Toulon;0.0;;1;3;0;2;33;500;3;; -1;1;0;1;90;A01;1;7;3;0;1;26;1;
202400033978;155 721 926;A01;2;2;4;1;1983.0;1;2;0;-1;0;0;-1;203 908 138;22;7;2024;08:20;1;75;75119;2;3;1;2;AVENUE DE FLANDRE;48,88732594;2,37288558;4;AVENUE DE FLANDRE;0.0;;2;6;3;1; -1; -1;1;; -1;1;0;1;30;A01;1;30;0;2;5;26;1;
202300034230;155 619 883;A01;1;1;1;2;1973.0;0;1;8;-1;-1; -1;-1;203 769 977;27;2;2023;11:20;1;67;67482;2;3;7;3;CLEMENCEAU (BOULEVARD);48,59056000;7,74461000;4;CLEMENCEAU (BOULEVARD);0.0;;2;6;0;1; -1; -1;1;; -1;1;0;1;50;A01;1;7;0;2;1;15;1;
202000042308;154 667 935;A01;1;1;4;1;2002.0;2;2;0;-1;-1; -1;-1;93164;9;3;2020;17:35;1;74;74012;2;1;1;3;VERDUN (AVENUE DE);46,1860000;6,2425600;4;1;0.0;;1;3;3;1;0;1;1;; -1;1;0;1;30;A01;1;30;0;2;1;17;1;
201900014997;138 278 425;A01;1;1;1;2;1987.0;0;1;0;-1;0;0;-1;33837;16;3;2019;14:15;1;75;75103;2;1;1;6;RUE NOTRE DAME DE NAZARETH;48,8669540;2,3617080;4;RUE NOTRE DAME DE NAZARETH;0.0;;1;1;0;1;0;0;1;;;1;0;1;30;A01;1;7;0;1;4;4;0;
202100036092;137 166;B01;1;1;1;1;1996.0;5;1;0;-1;0;0;-1;181 258;5;6;2021;17:20;1;75;75115;2;4;1;3;BOULEVARD PERIPHERIQUE;48,8327400000;2,2796370000;4;BOULEVARD PERIPHERIQUE;0.0;;1;3;0;1;(1);(1);1;; -1;1;0;1;70;B01;2;7;0;2;5;12;1;
202000004500;154 734 325;A01;1;1;1;2;1991.0;0;1;0;-1;-1; -1;-1;9952;30;11;2020;17:30;5;91;91687;2;1;1;6;GUYNEMER (BOULEVARD);48,6777130;2,3763300;4;GUYNEMER (BOULEVARD);0.0;;2;2;0;1;0;0;1;; -1;1;0;1;50;A01;0;10;0;1;6;1;1;
202100040937;128 447;A01;10;3;2;2;1961.0;0;0;-1;-1;9;B;1;169 787;7;5;2021;08:15;1;13;13215;2;3;1;6;LYON (RUE DE);43,3296453593;5,3653879522;4;LYON (RUE DE);0.0;;3;0;0;1;(1);(1);1;; -1;2;0;1;50;A01;3;0;0;1;1;26;1;
202000037466;154 676 531;A01;1;1;4;1;1988.0;5;1;0;-1;-1;0;-1;82389;26;9;2020;04:25;3;95;95488;1;1;1;4; A15;49,0129500;2,1495300;1;15;0.0;;3;3;0;1;18;100;1;; -1;1;0;1;110;A01;1;7;0;2;1;1;1;
202300054446;155 583 988;B01;1;1;1;1;1966.0;4;1;-1;-1;0;0;-1;203 721 603;9;6;2023;03:30;3;26;26138;1;1;1;2;A7 - PK 134+300;44,40013800;4,72888500;1;7;0.0;;3;3;0;1;134;0;1;;10,5;1;0;1;130;B01;1;15;0;0;4;2;1;
202300020637;155 643 953;B01;1;1;1;-1;;-1;-1;-1;-1;-1; -1;-1;203 802 202;12;3;2023;16:15;1;93;93077;2;1;1;4;Rue Laënnec;48,88194000;2,49460000;3;LAENNEC (RUE) COTE PAIR;0.0;;1;3;0;1;0;1;1;; -1;1;0;1;50;B01;1;7;0;0;4;2;1;
202200004260;806 400;A01;1;1;4;1;1993.0;0;8;0;-1;-1; -1;-1;1 089 589;15;9;2022;18:20;1;76;76486;1;1;1;1;D132;49,3193550000;0,9887980000;7;CD 132;0.0;;2;2;0;2;(1);(1);3;; -1;1;0;1;80;A01;3;7;16;2;1;5;1;
202000044980;154 663 177;B01;1;1;1;2;1950.0;5;1;-1;-1;0;0;-1;99123;27;7;2020;09:30;1;33;33227;2;3;7;1;Rue Jules Ferry;44,5496800; -0,2521500;3;125E3;-1.0;;2;2;0;1;5;630;1;; -1;1;0;1;50;B01;2;7;0;9;0;15;1;
202200017694;782 540;Z01;10;3;4;1;1957.0;9;0;-1;-1;3;3;1;1 057 904;22;4;2022;14:30;1;75;75112;2;4;1;6;BOULEVARD DE LA BASTILLE;48,8480300000;2,3676590000;4;BOULEVARD DE LA BASTILLE;0.0;;3;2;1;1;(1);(1);1;; -1;1;-1;5;30;Z01;1;50;0;1;7;1;3;
202200046266;731 595;B01;1;1;1;1;1980.0;1;1;0;-1;-1; -1;-1;989 597;1;12;2022;08:25;1;94;94068;2;2;1;3;LOUIS BLANC (AV);48,7910000000;2,4960000000;3;LOUIS BLANC (AV);0.0;;2;2;0;1;0;0;1;; -1;1;0;1;30;B01;3;7;0;2;8;1;1;
201900022068;138 265 061;A01;1;1;4;2;1968.0;0;1;0;-1;0;0;-1;49924;14;11;2019;08:00;2;72;72181;1;1;1;4;PATTON GENERAL RTE ST-AUBIN A AV RUBILLA;48,0175900;0,1700700;4;PATTON GENERAL RTE ST-AUBIN A AV RUBILLA;0.0;;3;6;0;1;0;0;1;;;1;9;1;90;A01;1;7;0;2;6;9;1;
202400042838;155 706 331;A01;1;1;3;1;1976.0;4;1;0;-1;-1; -1;-1;203 886 866;10;1;2024;09:00;1;84;84087;2;2;1;1;DALADIER (BD EDOUARD);44,13369000;4,81256000;3;DALADIER (BD EDOUARD);0.0;;1;1;0;1;25;360;2;; -1;1;8;8;50;A01;1;37;7;2;1;26;1;2.0
201900015509;138 277 495;A01;1;1;1;1;1974.0;1;1;0;-1;-1;0;-1;34958;2;2;2019;12:12;1;2B;2B033;2;1;1;6;GAUDIN - BLD AUGUSTE;42,6946200;9,4483900;4;GAUDIN - BLD AUGUSTE;0.0;;2;2;0;1;1;0;1;;;1;9;2;30;A01;1;7;0;1;2;1;1;
202300008093;155 666 232;E01;1;1;1;2;1999.0;5;1;0;-1;-1; -1;-1;203 832 072;24;11;2023;19:40;3;29;29232;2;1;1;5;Boulevard Louis le Guennec;47,98306669; -4,11074257;3;LE GUENNEC LOUIS BOULEVARD;0.0;;1;3;0;1;2;0;1;; -1;1;3;1;50;E01;1;7;0;0;0;0;1;
202200016940;783 890;A01;1;1;1;2;1953.0;0;1;0;-1;-1; -1;-1;1 059 671;12;3;2022;15:10;1;77;77059;2;1;1;3;AVENUE DE L'EUROPE;48,8415900000;2,6620800000;4;AVENUE DE L'EUROPE;0.0;;1;2;0;1;(1);(1);2;; -1;1;0;1;50;A01;3;7;0;2;8;9;1;
202400037604;155 715 490;A01;1;1;1;1;1980.0;1;1;8;-1;1;5;1;203 899 527;23;2;2024;16:35;1;59;59512;2;9;3;6;Rue Saint Antoine;50,69638000;3,17630000;4;SAINT ANTOINE (RUE);0.0;;2;2;0;1; -1; -1;1;; -1;2;0;1;30;A01;3;7;0;1;3;0;0;
202100046210;119 167;A01;1;1;4;1;1953.0;9;1;5;-1;-1; -1;-1;157 769;27;3;2021;14:20;1;972;97213;1;1;1;1;ROUTE DEPARTEMENTALE 3;14,6622100000; -60,9946500000;3;ROUTE DEPARTEMENTALE 3;0.0;;-1;2;0;1;6;0;2;; -1;1;0;1;50;A01;1;7;0;2;1;13;1;
202200031827;757 214;C01;1;1;4;1;1958.0;5;1;-1;-1;-1;0;-1;1 024 166;5;11;2022;14:00;1;95;95042;1;1;1;4;RN 104;49,0620315115;2,3199198271;2;RN 104;0.0;;3;4;0;1;6;500;1;; -1;1;0;1;90;C01;1;7;0;2;4;2;1;
202300037293;155 614 456;A01;1;1;4;1;1998.0;9;8;0;-1;-1; -1;-1;203 762 728;26;7;2023;13:45;1;75;75110;2;2;1;2;RUE SAINT MAUR;48,87177300;2,37197600;4;;-1.0;;1; -1;-1;1; -1; -1;1;; -1;1;0;1;-1;A01;1;50;0;2;1;2;3;
202100046225;119 145;A01;1;1;1;1;1959.0;5;1;0;-1;0;0;-1;157 733;26;3;2021;12:00;1;62;62193;2;1;1;6;BOURDELLE (RUE A.);50,9504020000;1,8908120000;4;BOURDELLE (RUE A.);0.0;;2;1;0;1;(1);(1);1;; -1;1;0;1;30;A01;0;7;0;1;4;20;1;
202200052430;720 689;A01;8;2;1;1;2016.0;9;1;-1;-1;0;0;-1;975 159;6;1;2022;00:15;3;49;49167;1;1;1;3;A87 NORD PK 011.800, sens CHOLET-ANGERS;47,4054370000; -0,5095770000;1;87;0.0;N;3;3;0;1;11;800;1;; -1;1;3;1;90;A01;2;7;14;2;1;2;1;
202400029615;155 729 605;A01;1;1;1;1;1987.0;5;1;-1;-1;0;0;-1;203 918 768;12;4;2024;14:30;1;71;71448;1;1;1;2;Autoroute A6 Sens LYON/PARIS PK 379+400;46,38042200;4,84722900;1;6;-1.0;;3;3;0;1;379;400;1;;13,5;1;0;1;130;A01;2;7;0;2;2;14;1;
202100037228;135 138;A01;10;3;4;2;2009.0;5;0;-1;-1;1;3;1;178 643;29;5;2021;18:55;1;57;57631;2;1;1;6;MERLES (RUE DES);49,1009065000;7,0441373000;4;MERLES (RUE DES);0.0;;2;2;0;1;0;0;1;; -1;1;0;1;50;A01;1;7;0;1;2;26;1;
202400016178;155 753 282;A01;1;1;4;1;1970.0;5;1;5;-1;-1; -1;-1;203 950 435;1;9;2024;21:50;3;34;34108;1;1;1;1;RD 612;43,44459000;3,76344000;3;RD 612;0.0;;2;2;0;3;18;760;1;; -1;1;0;1;80;A01;1;7;0;2;3;1;1;
201900020766;138 267 574;B01;1;1;1;1;1983.0;5;1;0;-1;-1; -1;-1;46929;23;1;2019;14:50;1;72;72181;2;2;1;6;CUGNOT NICOLAS (BD);47,9857900;0,2249200;4;CUGNOT NICOLAS (BD);0.0;;3;5;0;1;0;0;1;;;1;0;1;70;B01;3;7;0;0;0;2;1;
202000034694;154 681 457;A01;1;1;1;1;1974.0;4;1;8;-1;-1; -1;-1;76226;11;2;2020;17:20;2;67;67482;2;1;6;3;DROITS DE L HOMME (ALLEE DES);48,5966450;7,7757140;4;;0.0;;1;5;1;2;0;0;1;; -1;1;0;5;50;A01;1;7;0;2;1;19;1;
202000024097;154 699 832;A01;2;2;4;1;2001.0;0;2;0;-1;-1; -1;-1;53141;19;4;2020;17:30;1;93;93010;2;3;1;3;AV DES SCIENCES / ALL DES ALOUETTES;48,8928000;2,4959000;4;SCIENCES (AV. DES);0.0;;1;1;0;1;0;0;1;; -1;1;0;1;30;A01;1;33;0;2;1;1;1;
202300021177;155 643 024;B01;7;2;4;2;1953.0;0;8;-1;-1;0;0;-1;203 800 950;22;12;2023;14:50;1;77;77264;1;2;8;3;Route Départementale 231;48,75264000;2,94370800;3;20;0.0;D;2;1;-1;1;4;557;1;;3;-1;0;-1;80;B01;1;7;0;2;7;0;0;
201900014654;138 279 062;A01;10;3;4;2;1953.0;0;8;0;-1;4;3;1;33067;19;11;2019;18:20;5;54;54578;2;5;1;7;BAUDRICOURT (BD DE);48,6731420;6,1644650;4;;0.0;;-1;3;0;1;0;0;1;;;1;0;1;50;A01;1;7;0;1;1;15;1;
202300051815;155 588 626;B01;1;1;1;1;1999.0;4;1;-1;-1;0;0;-1;203 727 891;13;6;2023;15:58;1;03;03284;1;3;1;3;D480;46,39927800;3,59776500;3;480;-1.0;;2;2;0;1;16;320;1;;5;1;0;1;90;B01;2;21;0;2;3;15;1;
202200048847;727 011;A01;2;2;1;1;1988.0;5;1;-1;-1;0;0;-1;983 550;10;6;2022;20:10;1;79;79003;1;3;1;7;Route du Buisson;46,2696580000; -0,4264010000;3;D106;0.0;;2;2;0;1;7;473;2;;7,7;1;0;3;80;A01;1;7;2;0;8;26;1;
201900003118;138 300 642;A01;4;2;1;1;1991.0;4;1;-1;-1;0;0;-1;6998;14;6;2019;17:30;1;58;58102;1;1;1;6;La Gâtine;47,3871680;3,1620750;3;1;0.0;;2;2;0;1;21;(1);1;;;1;0;3;80;A01;1;7;2;0;9;1;1;
202200036030;749 720;B01;1;1;1;1;1997.0;4;1;0;-1;-1; -1;-1;1 014 053;28;9;2022;23:04;5;92;92046;2;1;1;1;GEORGES BRASSENS (RUE);48,8135700000;2,2810000000;4;GEORGES BRASSENS (RUE);0.0;;1;1;0;1;0;0;1;; -1;1;0;1;50;B01;2;7;0;2;3;1;1;
201900047285;138 217 132;A01;3;2;2;1;1991.0;5;8;-1;-1;0;0;-1;106782;8;12;2019;00:55;3;21;21252;1;1;1;6;D980;47,7039190;4,4310630;3;980;0.0;;2;2;0;1;71;867;3;;;1;0;3;80;A01;1;7;13;0;3;13;1;
202200040562;741 690;A01;1;1;1;1;1951.0;5;1;0;-1;-1; -1;-1;1 003 219;23;2;2022;09:00;1;07;07019;2;1;1;6;DOCTEUR PARGOIRE (RUE);44,6184900000;4,3830100000;4;DOCTEUR PARGOIRE (RUE);0.0;;2;2;0;2;(1);(1);1;; -1;1;0;1;30;A01;2;7;0;1;1;2;1;
201900010160;138 287 552;A01;2;2;4;2;1982.0;5;2;-1;-1;0;0;-1;22985;18;10;2019;21:30;3;973;97311;1;1;1;3;RN1;5,4896162; -54,0023435;2;1;;;2;2;1;1;254;300;1;;;1;0;5;70;A01;1;2;0;2;1;1;1;
202300005541;155 670 741;A01;1;1;4;2;1982.0;0;1;5;-1;0;0;-1;203 838 124;6;8;2023;13:25;1;21;21100;1;3;1;3;D905;47,46146100;4,50233500;3;905;0.0;D;-1; -1;0;1; -1; -1;3;;7;1;9;1;90;A01;2;7;0;0;8;9;1;
202300009510;155 663 711;A01;1;1;4;1;1937.0;0;1;8;-1;-1; -1;-1;203 828 637;6;10;2023;15:30;1;77;77249;2;1;1;6;AV DES HYVERNEAUX;48,73940000;2,60738000;4;AV DES HYVERNEAUX;0.0;;2;0;0;1;0;0;1;; -1;1;0;8;50;A01;3;7;0;2;8;15;1;
202000038599;154 674 530;B01;3;2;1;1;1998.0;5;1;0;-1;-1;0;-1;84903;9;2;2020;06:20;3;13;13211;1;1;1;2;A50-Sens Marseille vers Aubagne;43,2908000;5,4864400;1;50;0.0;;1;3;0;1;8;0;1;; -1;1;0;1;90;B01;1;7;0;2;1;2;1;
202400010754;155 762 826;B01;1;1;3;1;2005.0;5;2;0;-1;-1; -1;-1;203 963 201;31;12;2024;13:50;1;26;26362;2;1;1;3;Avenue Georges Clemenceau;44,93658000;4,89904000;4;CLEMENCEAU AVENUE GEORGES;0.0;;-1; -1;0;1; -1; -1;1;; -1;1;9;1;50;B01;3;33;0;2;2;1;1;
202100016192;172 695;B01;2;2;3;2;1980.0;0;2;6;-1;-1; -1;-1;228 986;28;9;2021;20:30;5;31;31555;2;1;1;3;BD DE STRASBOURG;43,6105238941;1,4436181962;4;BD DE STRASBOURG;0.0;;2;5;0;1;(1);(1);1;; -1;1;0;1;50;B01;2;34;0;2;1;1;1;
202200002242;809 989;A01;1;1;3;1;1963.0;0;2;6;-1;0;0;-1;1 094 426;15;10;2022;15:25;1;14;14191;2;3;1;3;D514;49,3347240000; -0,4661570000;3;514;-1.0;;2;2;0;1;36;680;1;;4;1;0;1;50;A01;1;33;0;0;5;1;1;
202000045676;154 662 014;B01;8;2;4;2;2013.0;5;1;-1;-1;0;0;-1;100671;22;10;2020;13:15;1;34;34337;1;1;2;5;D185;43,5392000;3,8825730;3;185;-1.0;;2;2;0;1;13;500;1;; -1;2;0;1;80;B01;2;7;0;2;1;1;1;
201900057878;138 197 360;A01;2;2;1;1;2004.0;5;1;-1;-1;0;0;-1;130862;17;8;2019;22:55;3;45;45149;1;1;3;4;A6 PK 104+0;48,1012890;3,0255987;1;6;;;3;4;0;1;104;0;1;;;2;0;1;110;A01;2;7;0;2;4;2;1;
202100010114;183 627;B01;1;1;1;1;1983.0;5;1;4;-1;-1;0;-1;243 197;31;10;2021;14:00;1;95;95572;1;1;3;2;RN 184;49,0349790000;2,1146810000;2;RN 184;0.0;;1;2;0;2;3;200;2;; -1;2;0;1;90;B01;1;7;4;2;4;2;1;
202300052299;155 587 761;A01;1;1;3;1;1932.0;0;1;0;-1;0;0;-1;203 726 716;29;3;2023;16:50;1;34;34172;2;6;1;7;646 Rue des Quatre Vents;43,64488000;3,85263000;4;AURIOL (AVENUE VINCENT);0.0;;4;2;0;1; -1; -1;2;; -1;1;0;1;30;A01;2;7;12;0;3;15;1;
202100003004;196 405;A01;1;1;3;1;2002.0;0;1;-1;-1;0;0;-1;260 247;15;12;2021;22:15;3;18;18013;1;2;2;3;Route départementale 6;46,7743440000;2,6083380000;3;37;-1.0;;2;2;0;1;(1);(1);1;; -1;2;0;1;80;A01;1;7;0;2;8;1;1;
202100001127;199 757;A01;1;1;4;2;1995.0;0;1;0;-1;-1; -1;-1;264 809;26;12;2021;19:35;3;13;13071;1;1;1;2;A7-Sens Marseille vers Lyon;43,4188476451;5,2726006508;1;A7-Sens Marseille vers Lyon;0.0;;1;3;0;1;268;0;1;; -1;1;0;1;110;A01;2;7;0;2;1;12;1;
202000000820;154 740 821;B01;1;1;2;1;1984.0;1;2;-1;-1;0;0;-1;1818;4;3;2020;23:05;5;06;06029;2;1;1;1;Avenue du Docteur PICAUD;43,5504400;6,9900300;3;;-1.0;;2;2;0;1;(1);(1);2;; -1;1;0;1;50;B01;1;33;0;2;1;1;1;
202200047458;729 475;A01;1;1;4;1;1981.0;4;1;-1;-1;0;0;-1;986 811;10;1;2022;15:08;1;13;13015;1;6;1;3;D8n;43,4327280000;5,3961270000;7;8;0.0;N;1;4;0;1;(1);(1);3;; -1;1;0;1;50;A01;3;7;0;2;6;2;1;
202300029067;155 629 001;A01;3;2;4;1;1987.0;4;1;8;-1;-1; -1;-1;203 782 311;27;6;2023;16:20;1;13;13071;1;1;1;6;A5501DSens Lyon vers A55-Mlle Vieux Port;43,40187000;5,29842600;1;A5501DSens Lyon vers A55-Mlle Vieux Port;0.0;;1;1;0;1;1;0;3;; -1;1;0;1;70;A01;1;7;0;0;1;0;1;
202400028411;155 731 726;A01;1;1;1;1;2000.0;1;1;0;0;-1; -1;-1;203 921 595;6;10;2024;14:43;1;93;93066;2;1;2;5;WILSON (AVENUE DU PRESIDENT);48,92756000;2,35678000;3;931;0.0;;1;3;0;1;0;1;1;; -1;2;2;1;50;A01;0;7;0;0;1;2;1;
202200027558;764 866;A01;1;1;1;1;1966.0;0;1;-1;-1;0;0;-1;1 034 255;16;4;2022;13:30;1;60;60291;2;1;1;5;Rue Marcel Poulin;49,6526720000;3,0489550000;3;932;0.0;D;2;2;0;4;36;680;1;; -1;1;0;1;50;A01;1;7;0;2;1;17;1;
202400027005;155 734 164;A01;1;1;2;1;1975.0;5;2;-1;-1;0;0;-1;203 924 806;30;8;2024;07:08;1;74;74094;2;3;1;3;644 Route de la chandouze;46,21871500;6,30809400;4;;-1.0;;2; -1;-1;1; -1; -1;1;; -1;1;0;1;-1;A01;3;50;0;2;1;1;3;
202100018616;168 361;A01;1;1;4;1;1978.0;1;2;0;-1;0;0;-1;223 241;16;9;2021;09:25;1;75;75101;2;1;1;1;QUAI DES TUILERIES;48,8630011016;2,3237649410;4;QUAI DES TUILERIES;0.0;;2;2;0;1;(1);(1);1;; -1;1;1;1;30;A01;1;1;0;2;0;1;5;
202200039118;744 214;A01;1;1;1;1;1999.0;2;1;-1;-1;0;0;-1;1 006 642;25;2;2022;16:00;1;43;43187;1;2;1;3;D906;45,1595460000;3,8286710000;3;906;0.0;D;2;2;0;1;27;400;1;; -1;1;0;1;90;A01;1;10;0;2;7;13;1;
202000000415;154 741 537;B01;1;1;1;1;1958.0;5;1;8;-1;-1; -1;-1;927;23;6;2020;13:50;1;69;69382;2;3;1;3;JEAN MOULIN                         (QU);45,7650400;4,8380200;4;JEAN MOULIN                         (QU);0.0;;1;3;3;1;0;1;1;; -1;1;0;1;50;B01;1;7;0;2;7;16;1;
202100047897;116 120;A01;1;1;1;1;2002.0;5;2;0;-1;-1; -1;-1;153 859;15;3;2021;16:58;1;973;97302;2;1;1;2;MADELEINE (ROUTE DE LA);4,9271400000; -52,3246800000;3;MADELEINE (ROUTE DE LA);0.0;;2;1;0;1;1;800;1;; -1;1;0;1;50;A01;1;2;0;2;1;2;1;
202300040008;155 609 608;A01;1;1;1;1;1947.0;9;1;-1;-1;0;0;-1;203 756 214;23;2;2023;18:30;5;95;95555;2;1;1;6;Rue du Général Leclerc;48,96688800;2,29084800;4;LECLERC (RUE DU GENERAL);0.0;;2;2;0;1;0;0;1;; -1;1;0;1;50;A01;3;7;0;1;2;1;1;
201900021217;138 266 719;A01;1;1;4;1;1996.0;0;2;0;-1;-1;0;-1;47940;13;4;2019;12:10;1;92;92025;2;1;1;2;HOCHE (RUE);48,9221260;2,2648180;4;HOCHE (RUE);0.0;;2;0;0;1;0;0;1;;;1;0;1;50;A01;3;33;0;2;1;1;1;
202400018905;155 748 487;A01;1;1;1;2;1969.0;5;1;-1;-1;0;0;-1;203 943 955;13;10;2024;10:30;1;95;95039;1;6;1;2;D928;49,08983146;2,14645024;3;928;0.0;;1;2;0;1;20;990;3;;5;2;0;1;80;A01;1;7;0;2;2;2;1;
202400045439;155 701 766;A01;1;1;1;1;1967.0;4;8;-1;-1;-1; -1;-1;203 880 678;17;5;2024;12:00;1;76;76497;1;3;1;3;Boulevard Maritime;49,39340000;1,01886000;4;MARITIME. BOULEVARD;0.0;;2;2;0;1; -1; -1;1;; -1;1;0;1;30;A01;3;10;13;2;3;15;1;
202000005446;154 732 640;A01;1;1;1;1;1998.0;5;1;0;-1;-1; -1;-1;11986;21;6;2020;01:25;5;13;13213;2;1;1;6;CHEMIN DU MERLAN A LA ROSE ;43,3304340;5,4122294;4;;0.0;;2;3;0;2;1;0;1;; -1;1;0;1;50;A01;1;7;0;1;3;1;0;
202300044386;155 601 819;A01;1;1;4;1;2001.0;4;1;9;-1;0;0;-1;203 745 710;31;8;2023;06:58;2;77;77141;2;1;8;1;Autoroute A4;48,86454500;2,84902600;1;4;-1.0;;3;3;0;4;36;424;1;;14;1;0;1;130;A01;2;10;0;2;1;0;1;
202000006773;154 730 339;B01;1;1;1;2;1969.0;5;1;-1;-1;0;0;-1;14858;17;5;2020;17:10;1;974;97410;1;3;1;3;rue des vergers; -21,0689330;55,7046640;2;3;0.0;;2;2;0;4;(1);(1);1;; -1;1;0;1;50;B01;2;7;0;2;8;15;0;
201900054964;138 202 729;A01;1;1;3;1;1941.0;5;2;6;-1;0;0;-1;124138;15;6;2019;15:35;1;75;75116;2;4;1;5;BOULEVARD PERIPHERIQUE;48,8750410;2,2765920;4;BD PERIPHERIQUE INTERIEUR;0.0;;1;4;0;1;16;200;1;;;1;0;1;70;A01;1;32;0;2;1;3;1;
202000013288;154 718 915;B01;1;1;3;1;1988.0;1;2;6;-1;-1; -1;-1;29324;16;7;2020;07:00;1;94;94079;1;1;1;4;A4;48,8345879;2,5372206;1;4;0.0;;3;4;0;1;11;800;1;; -1;1;0;1;110;B01;2;33;0;2;7;1;1;
202100018595;168 397;A01;1;1;1;1;1986.0;9;1;8;-1;-1; -1;-1;223 289;16;9;2021;07:38;1;13;13001;1;1;2;3;ENFANT (RTE DE L');43,4840000000;5,3826000000;7;ENFANT (RTE DE L');0.0;;-1;2;0;1;0;0;1;; -1;2;0;1;50;A01;0;7;0;2;1;1;1;
202400006945;155 769 614;C01;1;1;1;1;1964.0;1;1;0;-1;-1; -1;-1;203 972 258;7;2;2024;08:30;1;91;91689;1;1;3;5;AUTOROUTE A10;48,72857400;2,30546800;1;AUTOROUTE A10;0.0;;1;3;0;1;2;200;1;;10,5;2;0;1;90;C01;2;10;0;2;4;1;1;
201900003913;138 299 180;A01;1;1;1;1;1951.0;0;1;8;-1;-1;0;-1;8807;17;9;2019;19:25;2;94;94059;2;7;1;2;CHERET (AV);48,8054400;2,5849200;4;CHERET (AV);0.0;;1;1;0;1;0;0;1;;;1;0;1;50;A01;1;7;0;2;1;9;1;
202200000716;812 697;A01;1;1;4;2;1966.0;5;8;0;-1;-1; -1;-1;1 098 005;23;3;2022;12:45;1;64;64122;2;1;1;7;MADRID (RUE DE);43,4676200000; -1,5711700000;4;MADRID (RUE DE);0.0;;1;1;1;2;0;0;1;; -1;1;0;5;30;A01;1;80;0;0;7;26;3;
202400040805;155 709 865;B01;1;1;2;1;1944.0;5;2;-1;-1;0;0;-1;203 891 873;1;11;2024;14:15;1;01;01012;1;1;1;1;D102;45,99678300;5,50968600;3;102;0.0;;2;2;0;2;10;460;2;;4;1;0;1;80;B01;2;1;0;2;1;1;5;
202000041129;154 670 079;A01;1;1;1;1;1987.0;5;8;-1;-1;0;0;-1;90489;29;7;2020;10:50;1;30;30346;1;3;1;3;La Bégude Poulon (Restaurant);43,9600620;4,5184030;3;981;0.0;;2;2;0;1;38;300;1;; -1;9;5;1;80;A01;1;7;0;9;2;16;1;
202400043533;155 705 103;B01;1;1;4;1;1987.0;5;1;-1;-1;0;0;-1;203 885 205;23;8;2024;18:10;1;60;60064;2;1;1;1;Rue Marcel Rinn;49,41283500;3,00852300;3;335;0.0;D;2;2;0;1;24;450;1;;5;1;0;1;50;B01;2;7;0;2;3;0;1;
202200012727;791 374;A01;1;1;1;1;1980.0;1;1;0;-1;0;0;-1;1 069 724;30;7;2022;19:35;2;75;75118;2;2;1;3;BOULEVARD NEY;48,8977270000;2,3290280000;4;BOULEVARD NEY;0.0;;3;3;0;1;(1);(1);1;; -1;1;0;1;30;A01;2;7;0;2;2;15;2;
202400011359;155 761 754;B01;1;1;4;1;1986.0;5;8;0;-1;-1; -1;-1;203 961 787;16;3;2024;02:30;5;75;75112;2;3;1;2;RUE DE CHARENTON;48,84646300;2,37884700;4;;-1.0;;2; -1;-1;1; -1; -1;1;; -1;2;0;1;30;B01;1;1;0;2;4;1;5;
201900020268;138 268 502;B01;1;1;1;1;1956.0;0;1;-1;-1;0;0;-1;45771;15;3;2019;18:00;1;29;29272;1;3;8;1;Résidence du Bois de Pleuven;47,9544150; -3,9559030;4;Résidence Bois de Pleuven;;;2;2;0;1;(1);(1);1;;;1;0;1;70;B01;3;7;0;0;5;15;1;
201900044861;138 221 760;A01;1;1;2;1;1978.0;5;2;6;-1;0;0;-1;101277;31;8;2019;16:45;1;21;21656;2;1;7;6;44 Route de Rouvres;47,2323080;5,1877110;3;31;0.0;;2;2;0;1;28;100;3;;;1;0;3;50;A01;2;33;7;0;1;1;1;
202000014792;154 716 348;A01;1;1;1;2;1987.0;5;1;0;-1;0;0;-1;32569;24;1;2020;20:10;5;75;75114;2;1;1;2;BD PERIPHERIQUE EXTERIEUR;48,8199840;2,3256960;4;;0.0;;1;3;0;1;5;300;1;;10,5;1;0;1;70;A01;2;7;0;2;1;2;1;
202400013295;155 758 368;B01;4;2;1;2;2014.0;0;1;0;0;-1; -1;-1;203 957 275;3;7;2024;11:20;1;93;93064;2;9;1;1;GALOIS (RUE EVARISTE);48,86304300;2,48695900;4;;0.0;;2;2;0;1;1;0;1;; -1;1;0;1;15;B01;2;7;0;2;1;26;1;
202400006545;155 770 271;A01;1;1;1;2;2004.0;1;8;-1;-1;0;0;-1;203 973 175;28;2;2024;13:00;1;44;44162;2;1;1;3;Place Océane;47,22531469; -1,62752107;6;;-1.0;;-1;0;0;1; -1; -1;1;; -1;1;0;1;30;A01;1;7;0;2;3;0;1;
201900001625;138 303 517;A01;1;1;1;1;1967.0;1;1;0;-1;0;0;-1;3603;13;8;2019;15:30;1;75;75109;2;3;1;3;RUE LA FAYETTE;48,8765705;2,3465735;4;RUE LA FAYETTE;0.0;;2;3;0;1;0;0;1;;;1;0;1;50;A01;1;10;0;2;3;16;1;
202400038525;155 713 851;A01;1;1;1;1;2002.0;2;2;0;-1;0;0;-1;203 897 381;5;11;2024;08:25;2;75;75115;2;2;8;6;RUE DU THEATRE;48,84810900;2,29013200;4;;-1.0;;1; -1;-1;1; -1; -1;1;; -1;1;0;1;-1;A01;2;32;0;1;3;1;1;
202200050205;724 634;A01;1;1;4;1;1975.0;0;2;6;-1;-1; -1;-1;980 432;7;6;2022;11:35;1;69;69029;2;3;1;2;Avenue Franklin Roosevelt;45,7376800000;4,8964500000;4;FRANKLIN ROOSEVELT                  (AV);0.0;;2;4;0;1;(1);(1);1;; -1;1;0;1;50;A01;2;31;0;2;1;2;1;
202300011267;155 660 587;B01;1;1;4;1;1980.0;9;2;6;-1;0;0;-1;203 824 388;19;9;2023;19:43;1;91;91689;1;1;1;3;AUTOROUTE A6B;48,73880000;2,31810000;1;AUTOROUTE A6B;0.0;;1;2;0;1;9;399;1;;6;1;0;1;90;B01;1;33;0;2;1;18;1;
202200050335;724 412;A01;2;2;3;1;1963.0;5;1;-1;-1;0;0;-1;980 138;21;9;2022;23:20;5;22;22176;2;1;1;6;Rue Roger Vercel;48,4611840000; -2,7410030000;4;;-1.0;;2;2;0;2;(1);(1);1;;4;1;0;3;50;A01;0;7;2;0;3;1;1;
201900002897;138 301 063;A01;2;2;1;1;1948.0;5;1;-1;-1;0;0;-1;6450;10;10;2019;15:30;1;33;33436;1;2;1;3;D651 / RD110E6;44,5214570; -0,6268500;3;110E6;0.0;E;2;2;0;1;4;980;1;;;1;5;8;80;A01;2;7;0;2;3;19;1;
202000004879;154 733 667;B01;1;1;4;1;1988.0;0;2;6;-1;0;0;-1;10744;15;5;2020;21:46;2;63;63113;2;1;1;3;FLAUBERT (BD GUSTAVE);45,7644000;3,1275800;6;;0.0;;-1;0;0;1;(1);(1);1;; -1;1;9;8;30;B01;3;32;0;2;1;1;1;
201900008863;138 289 930;A01;1;1;1;1;1969.0;5;1;0;-1;0;0;-1;19991;10;8;2019;23:25;5;29;29019;2;6;1;2;ALBERT 1ER;48,3975400; -4,4891000;4;ALBERT 1ER;0.0;;-1;0;0;1;0;0;1;;;1;0;1;50;A01;0;7;0;2;1;1;1;
202100053506;106 072;A01;2;1;1;1;1994.0;1;8;0;-1;-1; -1;-1;140 883;26;1;2021;08:55;1;92;92048;2;1;8;6;PARIS (RUE DE) N° 12 A 164;48,8138491825;2,2466484457;4;PARIS (RUE DE) N° 12 A 164;0.0;;2;2;0;2;0;0;1;; -1;2;0;1;50;A01;2;80;0;1;7;1;3;
202200047361;729 661;A01;2;2;1;1;1980.0;1;1;-1;-1;-1;0;-1;987 059;10;5;2022;07:25;1;95;95280;2;2;1;1;Bd Paul Vaillant Couturier;49,0309210000;2,4595390000;4;VAILLANT COUTURIER (BD PAUL);0.0;;2;2;0;1;(1);(1);1;; -1;1;5;1;50;A01;3;7;0;2;2;15;1;
201900031552;138 247 028;B01;1;1;3;1;1970.0;5;2;-1;-1;0;0;-1;71391;5;10;2019;17:00;1;2A;2A271;2;6;1;3;Rond point de Baléone - entre T20 et T22;41,9638880;8,8138840;2;20;;;2;2;0;1;9;800;2;;;1;0;1;70;B01;1;33;0;2;8;1;1;
202300051158;155 589 794;A01;1;1;4;2;1995.0;1;2;6;-1;0;0;-1;203 729 529;9;5;2023;07:00;1;972;97204;1;1;1;7;RN2 PK 024+500;14,69907600; -61,17578000;2;2;-1.0;;2;2;0;2;24;500;2;;5;9;0;1;50;A01;1;33;0;0;3;0;0;
202200015282;786 846;B01;1;1;4;2;1967.0;5;1;-1;-1;0;0;-1;1 063 626;27;5;2022;16:20;1;31;31199;1;1;1;5;RN 125;42,9557630000;0,6439020000;2;125;-1.0;;2;2;0;1;18;250;2;; -1;1;0;1;80;B01;2;7;0;2;3;1;1;
201900009917;138 288 001;B01;1;1;4;1;1961.0;1;8;-1;-1;0;0;-1;22396;6;2;2019;08:10;2;21;21292;1;1;5;4;RD905;47,2313010;5,2337420;3;905;0.0;;2;2;0;1;100;400;1;;;1;0;1;80;B01;2;7;0;2;4;1;1;
202400011337;155 761 787;B01;1;1;4;2;1996.0;0;1;8;-1;-1; -1;-1;203 961 831;16;3;2024;21:20;5;13;13001;2;1;1;3;MOURET HENRI (AV);43,52096000;5,43563000;4;MOURET HENRI (AV);0.0;;2;2;0;1;0;0;1;; -1;1;0;1;50;B01;0;7;0;2;3;1;2;
202400039290;155 712 545;A01;1;1;1;1;1971.0;9;1;0;-1;-1; -1;-1;203 895 592;20;2;2024;08:01;1;29;29232;2;1;2;2;1 Rue de Kerivoal;48,00643000; -4,10749700;4;1 rue de kerivoal;0.0;;2;2;0;2; -1; -1;1;; -1;2;0;1;50;A01;1;7;0;0;5;0;1;
202400044906;155 702 716;B01;1;1;4;1;1981.0;0;8;-1;-1;0;0;-1;203 881 943;24;3;2024;12:35;1;44;44184;2;1;1;3;71 Rue de Stalingrad;47,27758700; -2,21107700;4;;-1.0;;1;1;0;1; -1; -1;1;; -1;1;0;1;50;B01;1;33;0;2;0;0;1;
202000033371;154 683 773;B01;1;1;3;1;1997.0;5;2;6;9;0;0;-1;73329;1;8;2020;18:00;1;27;27546;1;1;1;1;11 Route de la Vallée;49,0921360;1,1371600;3;52;-1.0;;2;2;0;1;31;375;1;; -1;1;0;1;80;B01;1;33;0;2;1;1;1;
202100014172;176 361;B01;5;2;4;2;1995.0;9;1;0;-1;-1; -1;-1;233 679;8;10;2021;23:50;5;37;37233;2;1;1;1;STALINGRAD (AVENUE);47,3876200000;0,7269800000;4;STALINGRAD (AVENUE);0.0;;2;2;0;1;(1);(1);2;; -1;1;0;1;50;B01;3;7;0;2;1;1;1;
202100032339;143 952;A01;1;1;4;1;1972.0;0;2;6;-1;-1; -1;-1;190 098;25;6;2021;18:15;1;94;94004;2;1;2;3;FFI (ALL DES);48,7565800000;2,5072700000;3;FFI (ALL DES);0.0;;2;2;0;1;0;0;3;; -1;2;0;1;50;A01;0;32;0;2;1;1;3;
202200026307;767 156;B01;8;2;4;1;2010.0;9;8;0;-1;-1; -1;-1;1 037 285;23;5;2022;09:08;1;94;94044;2;2;8;3;Rue Georges Clémenceau;48,7443500000;2,4756400000;4;GEORGES CLEMENCEAU (R);0.0;;2;2;0;2;1;0;2;; -1;2;0;1;50;B01;0;38;0;2;1;15;1;7.0
202300033855;155 620 545;A01;1;1;3;2;1998.0;1;2;6;-1;-1; -1;-1;203 770 847;13;4;2023;17:25;1;83;83144;1;1;1;3;A57;43,13845900;5,99637300;1;A57;0.0;;1;2;0;1;4;199;1;; -1;1;8;1;70;A01;2;33;0;2;8;3;1;
202000043395;154 665 974;B01;1;1;4;1;2001.0;1;8;-1;-1;-1; -1;-1;95631;25;5;2020;13:45;1;51;51058;2;3;7;3;Impasse des Alouettes;49,2266534;3,9939513;4;;0.0;;2;2;0;1;(1);(1);1;; -1;1;0;1;50;B01;1;1;0;2;3;19;5;
202100052446;107 966;B01;4;2;4;1;2012.0;0;1;0;-1;-1; -1;-1;143 309;5;2;2021;11:30;1;13;13208;2;1;1;1;DOCTEUR BERTRAND (RUE);43,2463240000;5,3810220000;4;DOCTEUR BERTRAND (RUE);0.0;;2;3;0;1;(1);(1);1;; -1;1;0;1;50;B01;2;7;0;2;1;1;1;
202400015167;155 755 068;A01;10;3;3;1;1991.0;5;0;-1;-1;2;3;1;203 952 795;13;3;2024;17:30;1;26;26379;2;1;1;6;Route de Saint Bardoux;45,05093800;4,98340400;3;574;0.0;;2;2;0;1;1;0;1;;4;1;0;1;30;A01;2;7;0;1;1;1;1;
201900024527;138 260 228;A01;1;1;3;1;1957.0;5;2;-1;-1;0;0;-1;55542;9;9;2019;10:15;1;2A;2A247;1;9;1;1;Route de l'Ospedale;41,6465460;9,2079820;3;368;;;3;2;0;2;(1);(1);3;;;1;0;1;70;A01;0;33;0;2;3;13;1;
202000039062;154 673 708;A01;1;1;1;2;1947.0;9;0;-1;-1;-1; -1;-1;85932;26;5;2020;19:00;1;77;77083;2;1;1;-1;PIVERT (RUE DU);48,8644100;2,5930800;4;PIVERT (RUE DU);0.0;;2;2;0;1;0;0;1;; -1;1;0;1;30;A01;1;7;0;9;8;24;1;
202200002205;810 046;B01;1;1;4;2;1984.0;5;1;0;-1;0;0;-1;1 094 498;24;11;2022;09:20;1;49;49007;2;1;1;2;Rue Saumuroise;47,4537400000; -0,5268700000;4;SAUMUROISE IMPASSE ET RUE;0.0;;2;2;0;1;(1);(1);1;; -1;2;0;1;50;B01;0;7;0;2;4;1;1;
202000000757;154 740 936;C01;1;1;4;1;1943.0;9;1;-1;-1;0;0;-1;1681;25;8;2020;10:30;1;35;35275;1;1;1;4;RN 12;48,1600310; -1,8411110;2;12;-1.0;;3;4;0;1;73;500;1;; -1;1;0;1;110;C01;2;7;0;2;1;1;1;
202000000160;154 741 993;B01;1;1;4;1;1971.0;1;2;6;-1;0;0;-1;354;17;9;2020;12:00;1;71;71556;1;1;1;3;Route des Combes;46,2787191;4,8025788;3;906;0.0;;2;2;0;1;(1);(1);1;; -1;1;0;1;70;B01;3;33;0;2;2;1;1;
202100020099;165 698;B01;1;1;1;1;1969.0;5;1;0;-1;0;0;-1;219 818;6;9;2021;09:45;1;75;75107;2;3;1;2;QUAI BRANLY;48,8605350000;2,2956390000;4;QUAI BRANLY;0.0;;1;2;0;1;(1);(1);1;; -1;1;0;1;30;B01;2;7;0;2;6;2;2;
201900015750;138 277 049;A01;1;1;3;1;1987.0;5;2;6;-1;0;0;-1;35481;21;4;2019;13:45;1;71;71205;1;1;1;6;bas de charnay;46,7263550;5,3479520;3;423;;;2;2;0;1;1;225;2;;;1;0;3;-1;A01;2;33;13;0;1;0;1;
202400005482;155 772 152;A01;1;1;3;1;1958.0;5;2;-1;-1;0;0;-1;203 975 656;22;3;2024;16:10;1;33;33085;1;1;1;1;;44,77483400; -0,49245400;4;15;-1.0;;2;2;0;1; -1; -1;1;; -1;1;0;1;50;A01;1;1;0;2;1;1;5;
201900054197;138 204 130;A01;3;2;3;1;2000.0;5;8;-1;-1;0;0;-1;122413;30;3;2019;08:00;1;988;98822;1;3;2;6;tribu de Tiéti; -20,9162000;165,3030700;2;3;0.0;A;2;2;0;1;0;0;3;;;2;0;8;110;A01;2;7;2;0;1;13;1;
202000040275;154 671 582;C01;1;1;4;1;1995.0;5;1;0;-1;-1; -1;-1;88588;29;8;2020;16:18;1;95;95539;1;1;2;5;RD 301;48,9932000;2,3607000;3;301;0.0;;-1;0;0;1;2;200;1;; -1;2;0;1;70;C01;1;7;3;0;4;23;0;
202000030972;154 687 894;B01;1;1;1;1;1980.0;4;8;0;-1;-1; -1;-1;68060;9;7;2020;09:45;1;13;13071;1;1;1;3;A7-Sens Lyon vers Marseille;43,4082350;5,2874370;1;A7-Sens Lyon vers Marseille;0.0;;1;4;0;2;266;500;1;; -1;1;0;1;110;B01;2;14;0;2;7;1;1;
202300008689;155 665 181;A01;2;2;1;2;1947.0;5;8;0;-1;-1; -1;-1;203 830 683;22;11;2023;20:30;3;91;91433;2;6;8;2;R.D.20;48,45802000;2,17706000;3;ETAMPES (ROUTE D')    RD 207;0.0;;2;1;0;1;0;0;3;;3,5;1;5;1;50;A01;3;7;0;2;2;0;1;
202100027790;152 040;B01;1;1;1;1;1983.0;0;1;0;-1;-1; -1;-1;201 137;21;7;2021;19:50;1;92;92007;2;3;1;3;BRIAND (AVENUE ARISTIDE) N° 162 A 300;48,7946092038;2,3211367428;3;BRIAND (AVENUE ARISTIDE) N° 162 A 300;0.0;;3;3;1;1;0;0;1;; -1;1;0;5;50;B01;1;10;0;2;2;16;1;
202300018337;155 648 069;B01;1;1;1;1;2001.0;4;1;-1;-1;0;0;-1;203 807 630;31;5;2023;18:20;1;66;66214;2;1;1;1;;42,53908200;2,84629600;4;900;0.0;D;2;2;0;1; -1; -1;1;; -1;1;0;1;70;B01;2;21;0;2;3;1;1;
201900038675;138 233 390;A01;1;1;1;2;1967.0;4;8;0;-1;-1; -1;-1;87309;30;10;2019;17:27;2;10;10297;2;1;1;6;ROBERT KELLER (RUE);48,3251440;4,1104451;4;ROBERT KELLER (RUE);0.0;;2;2;0;1;0;0;1;;;1;0;1;50;A01;1;37;0;1;1;1;1;1.0
202100027895;151 850;B01;1;1;3;1;1984.0;1;2;8;-1;-1; -1;-1;200 893;8;7;2021;08:30;1;78;78621;1;1;1;5;ROCADE 12;48,7929500000;1,9845900000;4;ROCADE 12;0.0;;2;2;0;1;(1);(1);1;; -1;1;0;1;50;B01;3;33;0;2;1;17;1;
202400054219;155 686 431;A01;10;3;4;2;1946.0;0;0;-1;-1;3;3;1;203 859 998;19;9;2024;07:45;1;78;78440;2;1;1;6;HENRI DUNANT (RUE);48,99349000;1,91151000;4;HENRI DUNANT (RUE);0.0;;2;2;0;1; -1; -1;1;; -1;1;0;1;30;A01;3;7;0;1;1;15;1;
202400007072;155 769 371;C01;1;1;1;1;1991.0;0;8;0;0;-1; -1;-1;203 971 966;3;6;2024;08:53;1;92;92064;2;1;1;4;DAILLY;48,84468128;2,22034335;3;DAILLY;0.0;;2;2;0;2;0;0;1;; -1;1;0;1;50;C01;1;7;0;2;0;0;2;
202100019878;166 110;B01;1;1;1;1;1989.0;0;1;0;-1;-1; -1;-1;220 344;9;9;2021;19:30;1;32;32013;2;1;2;2;SADI-CARNOT (BOULEVARD);43,6408190781;0,5856883103;2;SADI-CARNOT (BOULEVARD);0.0;;2;2;0;1;50;200;1;; -1;2;0;1;50;B01;2;10;0;2;1;1;1;
